country_region_code,country_region,sub_region_1,sub_region_2,metro_area,iso_3166_2_code,census_fips_code,place_id,date,retail_and_recreation_percent_change_from_baseline,grocery_and_pharmacy_percent_change_from_baseline,parks_percent_change_from_baseline,transit_stations_percent_change_from_baseline,workplaces_percent_change_from_baseline,residential_percent_change_from_baseline
BR,Brazil,,,,,,ChIJzyjM68dZnAARYz4p8gYVWik,2020-02-15,5,4,-5,8,6,0
BR,Brazil,,,,,,ChIJzyjM68dZnAARYz4p8gYVWik,2020-02-16,2,3,-13,3,0,1
BR,Brazil,,,,,,ChIJzyjM68dZnAARYz4p8gYVWik,2020-02-17,-2,0,-12,9,19,-1
BR,Brazil,,,,,,ChIJzyjM68dZnAARYz4p8gYVWik,2020-02-18,-3,-1,-11,9,15,-1
BR,Brazil,,,,,,ChIJzyjM68dZnAARYz4p8gYVWik,2020-02-19,-1,-2,-5,8,14,-1
BR,Brazil,,,,,,ChIJzyjM68dZnAARYz4p8gYVWik,2020-02-20,1,7,2,11,15,-2
BR,Brazil,,,,,,ChIJzyjM68dZnAARYz4p8gYVWik,2020-02-21,2,10,1,12,13,-1
BR,Brazil,,,,,,ChIJzyjM68dZnAARYz4p8gYVWik,2020-02-22,-3,6,12,6,-4,0
BR,Brazil,,,,,,ChIJzyjM68dZnAARYz4p8gYVWik,2020-02-23,4,7,32,2,-3,1
BR,Brazil,,,,,,ChIJzyjM68dZnAARYz4p8gYVWik,2020-02-24,-14,-7,69,-27,-45,8
BR,Brazil,,,,,,ChIJzyjM68dZnAARYz4p8gYVWik,2020-02-25,-31,-29,51,-35,-61,10
BR,Brazil,,,,,,ChIJzyjM68dZnAARYz4p8gYVWik,2020-02-26,-18,-11,-8,-17,-18,6
BR,Brazil,,,,,,ChIJzyjM68dZnAARYz4p8gYVWik,2020-02-27,-8,2,-11,1,10,1
BR,Brazil,,,,,,ChIJzyjM68dZnAARYz4p8gYVWik,2020-02-28,-5,3,-17,2,13,1
BR,Brazil,,,,,,ChIJzyjM68dZnAARYz4p8gYVWik,2020-02-29,-3,5,-23,-2,5,3
BR,Brazil,,,,,,ChIJzyjM68dZnAARYz4p8gYVWik,2020-03-01,-9,3,-34,-10,-1,5
BR,Brazil,,,,,,ChIJzyjM68dZnAARYz4p8gYVWik,2020-03-02,-6,1,-25,6,20,0
BR,Brazil,,,,,,ChIJzyjM68dZnAARYz4p8gYVWik,2020-03-03,-5,2,-21,6,15,-1
BR,Brazil,,,,,,ChIJzyjM68dZnAARYz4p8gYVWik,2020-03-04,-1,2,-11,7,16,-1
BR,Brazil,,,,,,ChIJzyjM68dZnAARYz4p8gYVWik,2020-03-05,0,7,-5,10,18,-2
BR,Brazil,,,,,,ChIJzyjM68dZnAARYz4p8gYVWik,2020-03-06,6,11,-7,13,18,-2
BR,Brazil,,,,,,ChIJzyjM68dZnAARYz4p8gYVWik,2020-03-07,9,13,-14,8,7,0
BR,Brazil,,,,,,ChIJzyjM68dZnAARYz4p8gYVWik,2020-03-08,8,11,-17,2,3,1
BR,Brazil,,,,,,ChIJzyjM68dZnAARYz4p8gYVWik,2020-03-09,1,5,-12,12,21,-2
BR,Brazil,,,,,,ChIJzyjM68dZnAARYz4p8gYVWik,2020-03-10,0,5,-11,11,17,-2
BR,Brazil,,,,,,ChIJzyjM68dZnAARYz4p8gYVWik,2020-03-11,1,2,-6,10,17,-1
BR,Brazil,,,,,,ChIJzyjM68dZnAARYz4p8gYVWik,2020-03-12,-2,4,-5,10,17,-2
BR,Brazil,,,,,,ChIJzyjM68dZnAARYz4p8gYVWik,2020-03-13,0,7,-8,10,18,-2
BR,Brazil,,,,,,ChIJzyjM68dZnAARYz4p8gYVWik,2020-03-14,-2,7,-15,0,6,1
BR,Brazil,,,,,,ChIJzyjM68dZnAARYz4p8gYVWik,2020-03-15,-8,7,-21,-7,0,3
BR,Brazil,,,,,,ChIJzyjM68dZnAARYz4p8gYVWik,2020-03-16,-11,6,-23,-4,14,1
BR,Brazil,,,,,,ChIJzyjM68dZnAARYz4p8gYVWik,2020-03-17,-19,7,-28,-15,3,4
BR,Brazil,,,,,,ChIJzyjM68dZnAARYz4p8gYVWik,2020-03-18,-25,5,-28,-22,-6,7
BR,Brazil,,,,,,ChIJzyjM68dZnAARYz4p8gYVWik,2020-03-19,-36,2,-34,-31,-17,10
BR,Brazil,,,,,,ChIJzyjM68dZnAARYz4p8gYVWik,2020-03-20,-45,0,-45,-37,-21,13
BR,Brazil,,,,,,ChIJzyjM68dZnAARYz4p8gYVWik,2020-03-21,-63,-16,-66,-50,-30,16
BR,Brazil,,,,,,ChIJzyjM68dZnAARYz4p8gYVWik,2020-03-22,-72,-33,-75,-60,-34,17
BR,Brazil,,,,,,ChIJzyjM68dZnAARYz4p8gYVWik,2020-03-23,-65,-26,-61,-58,-42,20
BR,Brazil,,,,,,ChIJzyjM68dZnAARYz4p8gYVWik,2020-03-24,-71,-33,-62,-63,-51,22
BR,Brazil,,,,,,ChIJzyjM68dZnAARYz4p8gYVWik,2020-03-25,-69,-32,-57,-63,-52,23
BR,Brazil,,,,,,ChIJzyjM68dZnAARYz4p8gYVWik,2020-03-26,-69,-29,-54,-62,-50,22
BR,Brazil,,,,,,ChIJzyjM68dZnAARYz4p8gYVWik,2020-03-27,-67,-26,-56,-60,-48,23
BR,Brazil,,,,,,ChIJzyjM68dZnAARYz4p8gYVWik,2020-03-28,-70,-27,-64,-59,-41,19
BR,Brazil,,,,,,ChIJzyjM68dZnAARYz4p8gYVWik,2020-03-29,-71,-35,-70,-62,-34,17
BR,Brazil,,,,,,ChIJzyjM68dZnAARYz4p8gYVWik,2020-03-30,-62,-26,-55,-59,-43,20
BR,Brazil,,,,,,ChIJzyjM68dZnAARYz4p8gYVWik,2020-03-31,-60,-21,-53,-58,-45,19
BR,Brazil,,,,,,ChIJzyjM68dZnAARYz4p8gYVWik,2020-04-01,-58,-19,-48,-57,-45,20
BR,Brazil,,,,,,ChIJzyjM68dZnAARYz4p8gYVWik,2020-04-02,-59,-17,-48,-57,-45,20
BR,Brazil,,,,,,ChIJzyjM68dZnAARYz4p8gYVWik,2020-04-03,-60,-14,-52,-55,-42,20
BR,Brazil,,,,,,ChIJzyjM68dZnAARYz4p8gYVWik,2020-04-04,-63,-13,-60,-53,-35,16
BR,Brazil,,,,,,ChIJzyjM68dZnAARYz4p8gYVWik,2020-04-05,-67,-24,-66,-57,-30,15
BR,Brazil,,,,,,ChIJzyjM68dZnAARYz4p8gYVWik,2020-04-06,-56,-14,-53,-53,-38,18
BR,Brazil,,,,,,ChIJzyjM68dZnAARYz4p8gYVWik,2020-04-07,-53,-8,-50,-53,-40,17
BR,Brazil,,,,,,ChIJzyjM68dZnAARYz4p8gYVWik,2020-04-08,-52,-7,-46,-52,-40,18
BR,Brazil,,,,,,ChIJzyjM68dZnAARYz4p8gYVWik,2020-04-09,-49,11,-40,-49,-41,16
BR,Brazil,,,,,,ChIJzyjM68dZnAARYz4p8gYVWik,2020-04-10,-76,-38,-58,-69,-72,27
BR,Brazil,,,,,,ChIJzyjM68dZnAARYz4p8gYVWik,2020-04-11,-59,-5,-59,-52,-36,16
BR,Brazil,,,,,,ChIJzyjM68dZnAARYz4p8gYVWik,2020-04-12,-67,-25,-67,-55,-26,13
BR,Brazil,,,,,,ChIJzyjM68dZnAARYz4p8gYVWik,2020-04-13,-54,-19,-52,-53,-35,17
BR,Brazil,,,,,,ChIJzyjM68dZnAARYz4p8gYVWik,2020-04-14,-56,-20,-54,-55,-39,18
BR,Brazil,,,,,,ChIJzyjM68dZnAARYz4p8gYVWik,2020-04-15,-54,-17,-47,-53,-38,18
BR,Brazil,,,,,,ChIJzyjM68dZnAARYz4p8gYVWik,2020-04-16,-56,-14,-46,-53,-38,18
BR,Brazil,,,,,,ChIJzyjM68dZnAARYz4p8gYVWik,2020-04-17,-55,-11,-50,-51,-36,19
BR,Brazil,,,,,,ChIJzyjM68dZnAARYz4p8gYVWik,2020-04-18,-61,-15,-59,-50,-28,15
BR,Brazil,,,,,,ChIJzyjM68dZnAARYz4p8gYVWik,2020-04-19,-67,-23,-64,-56,-25,14
BR,Brazil,,,,,,ChIJzyjM68dZnAARYz4p8gYVWik,2020-04-20,-53,-11,-47,-53,-39,17
BR,Brazil,,,,,,ChIJzyjM68dZnAARYz4p8gYVWik,2020-04-21,-71,-37,-51,-68,-67,23
BR,Brazil,,,,,,ChIJzyjM68dZnAARYz4p8gYVWik,2020-04-22,-53,-15,-45,-51,-34,17
BR,Brazil,,,,,,ChIJzyjM68dZnAARYz4p8gYVWik,2020-04-23,-56,-17,-44,-54,-36,18
BR,Brazil,,,,,,ChIJzyjM68dZnAARYz4p8gYVWik,2020-04-24,-55,-14,-48,-50,-32,18
BR,Brazil,,,,,,ChIJzyjM68dZnAARYz4p8gYVWik,2020-04-25,-59,-14,-55,-48,-25,15
BR,Brazil,,,,,,ChIJzyjM68dZnAARYz4p8gYVWik,2020-04-26,-65,-22,-61,-54,-23,14
BR,Brazil,,,,,,ChIJzyjM68dZnAARYz4p8gYVWik,2020-04-27,-54,-19,-50,-51,-30,17
BR,Brazil,,,,,,ChIJzyjM68dZnAARYz4p8gYVWik,2020-04-28,-53,-16,-48,-50,-33,13
BR,Brazil,,,,,,ChIJzyjM68dZnAARYz4p8gYVWik,2020-04-29,-52,-15,-43,-50,-32,17
BR,Brazil,,,,,,ChIJzyjM68dZnAARYz4p8gYVWik,2020-04-30,-48,3,-37,-46,-31,14
BR,Brazil,,,,,,ChIJzyjM68dZnAARYz4p8gYVWik,2020-05-01,-71,-33,-49,-66,-66,25
BR,Brazil,,,,,,ChIJzyjM68dZnAARYz4p8gYVWik,2020-05-02,-57,-7,-54,-50,-27,15
BR,Brazil,,,,,,ChIJzyjM68dZnAARYz4p8gYVWik,2020-05-03,-65,-21,-62,-54,-21,13
BR,Brazil,,,,,,ChIJzyjM68dZnAARYz4p8gYVWik,2020-05-04,-50,-10,-48,-48,-27,15
BR,Brazil,,,,,,ChIJzyjM68dZnAARYz4p8gYVWik,2020-05-05,-50,-7,-47,-48,-31,16
BR,Brazil,,,,,,ChIJzyjM68dZnAARYz4p8gYVWik,2020-05-06,-49,-6,-44,-48,-31,16
BR,Brazil,,,,,,ChIJzyjM68dZnAARYz4p8gYVWik,2020-05-07,-48,1,-43,-47,-31,16
BR,Brazil,,,,,,ChIJzyjM68dZnAARYz4p8gYVWik,2020-05-08,-46,7,-43,-43,-28,16
BR,Brazil,,,,,,ChIJzyjM68dZnAARYz4p8gYVWik,2020-05-09,-47,10,-52,-40,-19,13
BR,Brazil,,,,,,ChIJzyjM68dZnAARYz4p8gYVWik,2020-05-10,-59,-4,-62,-45,-5,10
BR,Brazil,,,,,,ChIJzyjM68dZnAARYz4p8gYVWik,2020-05-11,-49,-11,-47,-47,-27,16
BR,Brazil,,,,,,ChIJzyjM68dZnAARYz4p8gYVWik,2020-05-12,-51,-11,-49,-48,-31,16
BR,Brazil,,,,,,ChIJzyjM68dZnAARYz4p8gYVWik,2020-05-13,-51,-14,-46,-49,-31,17
BR,Brazil,,,,,,ChIJzyjM68dZnAARYz4p8gYVWik,2020-05-14,-52,-12,-46,-49,-31,16
BR,Brazil,,,,,,ChIJzyjM68dZnAARYz4p8gYVWik,2020-05-15,-52,-7,-49,-48,-29,18
BR,Brazil,,,,,,ChIJzyjM68dZnAARYz4p8gYVWik,2020-05-16,-55,-8,-56,-46,-21,15
BR,Brazil,,,,,,ChIJzyjM68dZnAARYz4p8gYVWik,2020-05-17,-63,-17,-61,-52,-16,14
BR,Brazil,,,,,,ChIJzyjM68dZnAARYz4p8gYVWik,2020-05-18,-50,-13,-48,-48,-26,16
BR,Brazil,,,,,,ChIJzyjM68dZnAARYz4p8gYVWik,2020-05-19,-51,-13,-48,-48,-29,16
BR,Brazil,,,,,,ChIJzyjM68dZnAARYz4p8gYVWik,2020-05-20,-50,-8,-43,-49,-31,17
BR,Brazil,,,,,,ChIJzyjM68dZnAARYz4p8gYVWik,2020-05-21,-51,-7,-43,-49,-31,17
BR,Brazil,,,,,,ChIJzyjM68dZnAARYz4p8gYVWik,2020-05-22,-52,-6,-49,-47,-28,17
BR,Brazil,,,,,,ChIJzyjM68dZnAARYz4p8gYVWik,2020-05-23,-56,-7,-60,-47,-20,15
BR,Brazil,,,,,,ChIJzyjM68dZnAARYz4p8gYVWik,2020-05-24,-66,-18,-67,-54,-17,14
BR,Brazil,,,,,,ChIJzyjM68dZnAARYz4p8gYVWik,2020-05-25,-53,-12,-50,-52,-34,18
BR,Brazil,,,,,,ChIJzyjM68dZnAARYz4p8gYVWik,2020-05-26,-50,-9,-49,-47,-28,16
BR,Brazil,,,,,,ChIJzyjM68dZnAARYz4p8gYVWik,2020-05-27,-48,-8,-43,-46,-27,16
BR,Brazil,,,,,,ChIJzyjM68dZnAARYz4p8gYVWik,2020-05-28,-48,-4,-42,-45,-27,16
BR,Brazil,,,,,,ChIJzyjM68dZnAARYz4p8gYVWik,2020-05-29,-47,3,-43,-42,-24,16
BR,Brazil,,,,,,ChIJzyjM68dZnAARYz4p8gYVWik,2020-05-30,-50,2,-51,-40,-12,12
BR,Brazil,,,,,,ChIJzyjM68dZnAARYz4p8gYVWik,2020-05-31,-60,-9,-58,-47,-8,12
BR,Brazil,,,,,,ChIJzyjM68dZnAARYz4p8gYVWik,2020-06-01,-45,-3,-47,-43,-21,14
BR,Brazil,,,,,,ChIJzyjM68dZnAARYz4p8gYVWik,2020-06-02,-46,-4,-48,-45,-25,15
BR,Brazil,,,,,,ChIJzyjM68dZnAARYz4p8gYVWik,2020-06-03,-44,-3,-41,-43,-24,16
BR,Brazil,,,,,,ChIJzyjM68dZnAARYz4p8gYVWik,2020-06-04,-45,0,-41,-42,-24,15
BR,Brazil,,,,,,ChIJzyjM68dZnAARYz4p8gYVWik,2020-06-05,-42,9,-44,-38,-21,15
BR,Brazil,,,,,,ChIJzyjM68dZnAARYz4p8gYVWik,2020-06-06,-45,8,-52,-36,-11,12
BR,Brazil,,,,,,ChIJzyjM68dZnAARYz4p8gYVWik,2020-06-07,-56,-5,-58,-45,-6,12
BR,Brazil,,,,,,ChIJzyjM68dZnAARYz4p8gYVWik,2020-06-08,-39,1,-42,-39,-19,14
BR,Brazil,,,,,,ChIJzyjM68dZnAARYz4p8gYVWik,2020-06-09,-42,-2,-45,-41,-23,14
BR,Brazil,,,,,,ChIJzyjM68dZnAARYz4p8gYVWik,2020-06-10,-36,5,-36,-38,-22,13
BR,Brazil,,,,,,ChIJzyjM68dZnAARYz4p8gYVWik,2020-06-11,-54,-13,-37,-51,-51,20
BR,Brazil,,,,,,ChIJzyjM68dZnAARYz4p8gYVWik,2020-06-12,-33,14,-33,-37,-27,15
BR,Brazil,,,,,,ChIJzyjM68dZnAARYz4p8gYVWik,2020-06-13,-46,-2,-46,-38,-11,12
BR,Brazil,,,,,,ChIJzyjM68dZnAARYz4p8gYVWik,2020-06-14,-57,-12,-59,-47,-5,12
BR,Brazil,,,,,,ChIJzyjM68dZnAARYz4p8gYVWik,2020-06-15,-40,-4,-46,-40,-19,14
BR,Brazil,,,,,,ChIJzyjM68dZnAARYz4p8gYVWik,2020-06-16,-41,-4,-44,-40,-22,14
BR,Brazil,,,,,,ChIJzyjM68dZnAARYz4p8gYVWik,2020-06-17,-40,-4,-38,-40,-22,15
BR,Brazil,,,,,,ChIJzyjM68dZnAARYz4p8gYVWik,2020-06-18,-41,-3,-37,-40,-22,14
BR,Brazil,,,,,,ChIJzyjM68dZnAARYz4p8gYVWik,2020-06-19,-41,1,-40,-37,-20,14
BR,Brazil,,,,,,ChIJzyjM68dZnAARYz4p8gYVWik,2020-06-20,-44,2,-45,-34,-7,11
BR,Brazil,,,,,,ChIJzyjM68dZnAARYz4p8gYVWik,2020-06-21,-54,-8,-49,-42,-1,11
BR,Brazil,,,,,,ChIJzyjM68dZnAARYz4p8gYVWik,2020-06-22,-40,-5,-41,-38,-19,14
BR,Brazil,,,,,,ChIJzyjM68dZnAARYz4p8gYVWik,2020-06-23,-40,-2,-39,-38,-22,14
BR,Brazil,,,,,,ChIJzyjM68dZnAARYz4p8gYVWik,2020-06-24,-43,-8,-36,-40,-24,15
BR,Brazil,,,,,,ChIJzyjM68dZnAARYz4p8gYVWik,2020-06-25,-43,-3,-38,-39,-22,14
BR,Brazil,,,,,,ChIJzyjM68dZnAARYz4p8gYVWik,2020-06-26,-43,1,-43,-38,-20,15
BR,Brazil,,,,,,ChIJzyjM68dZnAARYz4p8gYVWik,2020-06-27,-50,-3,-56,-42,-12,14
BR,Brazil,,,,,,ChIJzyjM68dZnAARYz4p8gYVWik,2020-06-28,-57,-12,-59,-47,-5,13
BR,Brazil,,,,,,ChIJzyjM68dZnAARYz4p8gYVWik,2020-06-29,-42,-6,-47,-40,-19,14
BR,Brazil,,,,,,ChIJzyjM68dZnAARYz4p8gYVWik,2020-06-30,-39,2,-44,-38,-22,13
BR,Brazil,,,,,,ChIJzyjM68dZnAARYz4p8gYVWik,2020-07-01,-38,4,-39,-38,-22,13
BR,Brazil,,,,,,ChIJzyjM68dZnAARYz4p8gYVWik,2020-07-02,-38,8,-36,-37,-22,14
BR,Brazil,,,,,,ChIJzyjM68dZnAARYz4p8gYVWik,2020-07-03,-37,11,-39,-34,-19,14
BR,Brazil,,,,,,ChIJzyjM68dZnAARYz4p8gYVWik,2020-07-04,-40,12,-45,-31,-7,11
BR,Brazil,,,,,,ChIJzyjM68dZnAARYz4p8gYVWik,2020-07-05,-51,-4,-53,-41,-3,11
BR,Brazil,,,,,,ChIJzyjM68dZnAARYz4p8gYVWik,2020-07-06,-35,7,-40,-35,-18,13
BR,Brazil,,,,,,ChIJzyjM68dZnAARYz4p8gYVWik,2020-07-07,-34,9,-39,-34,-22,13
BR,Brazil,,,,,,ChIJzyjM68dZnAARYz4p8gYVWik,2020-07-08,-34,6,-34,-34,-21,13
BR,Brazil,,,,,,ChIJzyjM68dZnAARYz4p8gYVWik,2020-07-09,-36,8,-33,-35,-21,13
BR,Brazil,,,,,,ChIJzyjM68dZnAARYz4p8gYVWik,2020-07-10,-34,12,-35,-31,-18,13
BR,Brazil,,,,,,ChIJzyjM68dZnAARYz4p8gYVWik,2020-07-11,-40,8,-43,-30,-7,10
BR,Brazil,,,,,,ChIJzyjM68dZnAARYz4p8gYVWik,2020-07-12,-50,-6,-47,-38,-3,10
BR,Brazil,,,,,,ChIJzyjM68dZnAARYz4p8gYVWik,2020-07-13,-35,0,-38,-34,-17,13
BR,Brazil,,,,,,ChIJzyjM68dZnAARYz4p8gYVWik,2020-07-14,-37,-1,-41,-37,-21,13
BR,Brazil,,,,,,ChIJzyjM68dZnAARYz4p8gYVWik,2020-07-15,-34,2,-36,-36,-20,14
BR,Brazil,,,,,,ChIJzyjM68dZnAARYz4p8gYVWik,2020-07-16,-36,4,-35,-35,-20,14
BR,Brazil,,,,,,ChIJzyjM68dZnAARYz4p8gYVWik,2020-07-17,-35,7,-35,-32,-17,13
BR,Brazil,,,,,,ChIJzyjM68dZnAARYz4p8gYVWik,2020-07-18,-39,7,-40,-30,-6,11
BR,Brazil,,,,,,ChIJzyjM68dZnAARYz4p8gYVWik,2020-07-19,-47,-5,-42,-37,-2,10
BR,Brazil,,,,,,ChIJzyjM68dZnAARYz4p8gYVWik,2020-07-20,-33,3,-35,-33,-16,12
BR,Brazil,,,,,,ChIJzyjM68dZnAARYz4p8gYVWik,2020-07-21,-34,2,-34,-34,-20,13
BR,Brazil,,,,,,ChIJzyjM68dZnAARYz4p8gYVWik,2020-07-22,-33,2,-28,-33,-18,13
BR,Brazil,,,,,,ChIJzyjM68dZnAARYz4p8gYVWik,2020-07-23,-34,4,-25,-33,-18,13
BR,Brazil,,,,,,ChIJzyjM68dZnAARYz4p8gYVWik,2020-07-24,-34,8,-29,-30,-16,13
BR,Brazil,,,,,,ChIJzyjM68dZnAARYz4p8gYVWik,2020-07-25,-38,7,-35,-28,-6,10
BR,Brazil,,,,,,ChIJzyjM68dZnAARYz4p8gYVWik,2020-07-26,-47,-6,-43,-37,-2,10
BR,Brazil,,,,,,ChIJzyjM68dZnAARYz4p8gYVWik,2020-07-27,-33,1,-34,-33,-16,12
BR,Brazil,,,,,,ChIJzyjM68dZnAARYz4p8gYVWik,2020-07-28,-35,1,-34,-33,-19,12
BR,Brazil,,,,,,ChIJzyjM68dZnAARYz4p8gYVWik,2020-07-29,-34,1,-34,-35,-19,13
BR,Brazil,,,,,,ChIJzyjM68dZnAARYz4p8gYVWik,2020-07-30,-34,5,-34,-35,-19,13
BR,Brazil,,,,,,ChIJzyjM68dZnAARYz4p8gYVWik,2020-07-31,-30,15,-33,-29,-15,12
BR,Brazil,,,,,,ChIJzyjM68dZnAARYz4p8gYVWik,2020-08-01,-32,16,-36,-26,-4,10
BR,Brazil,,,,,,ChIJzyjM68dZnAARYz4p8gYVWik,2020-08-02,-42,1,-39,-34,-1,9
BR,Brazil,,,,,,ChIJzyjM68dZnAARYz4p8gYVWik,2020-08-03,-28,8,-33,-30,-14,11
BR,Brazil,,,,,,ChIJzyjM68dZnAARYz4p8gYVWik,2020-08-04,-28,9,-31,-30,-18,12
BR,Brazil,,,,,,ChIJzyjM68dZnAARYz4p8gYVWik,2020-08-05,-25,11,-25,-29,-17,12
BR,Brazil,,,,,,ChIJzyjM68dZnAARYz4p8gYVWik,2020-08-06,-24,17,-21,-27,-17,11
BR,Brazil,,,,,,ChIJzyjM68dZnAARYz4p8gYVWik,2020-08-07,-21,22,-23,-23,-13,10
BR,Brazil,,,,,,ChIJzyjM68dZnAARYz4p8gYVWik,2020-08-08,-21,26,-29,-18,-1,7
BR,Brazil,,,,,,ChIJzyjM68dZnAARYz4p8gYVWik,2020-08-09,-39,9,-39,-27,9,6
BR,Brazil,,,,,,ChIJzyjM68dZnAARYz4p8gYVWik,2020-08-10,-25,8,-29,-28,-14,10
BR,Brazil,,,,,,ChIJzyjM68dZnAARYz4p8gYVWik,2020-08-11,-27,7,-29,-29,-17,11
BR,Brazil,,,,,,ChIJzyjM68dZnAARYz4p8gYVWik,2020-08-12,-27,5,-26,-29,-16,12
BR,Brazil,,,,,,ChIJzyjM68dZnAARYz4p8gYVWik,2020-08-13,-28,8,-24,-29,-16,11
BR,Brazil,,,,,,ChIJzyjM68dZnAARYz4p8gYVWik,2020-08-14,-26,12,-25,-25,-13,11
BR,Brazil,,,,,,ChIJzyjM68dZnAARYz4p8gYVWik,2020-08-15,-30,10,-32,-25,-5,9
BR,Brazil,,,,,,ChIJzyjM68dZnAARYz4p8gYVWik,2020-08-16,-40,-3,-42,-36,-3,9
BR,Brazil,,,,,,ChIJzyjM68dZnAARYz4p8gYVWik,2020-08-17,-30,3,-37,-30,-13,11
BR,Brazil,,,,,,ChIJzyjM68dZnAARYz4p8gYVWik,2020-08-18,-31,2,-37,-32,-15,11
BR,Brazil,,,,,,ChIJzyjM68dZnAARYz4p8gYVWik,2020-08-19,-29,3,-29,-30,-15,11
BR,Brazil,,,,,,ChIJzyjM68dZnAARYz4p8gYVWik,2020-08-20,-31,6,-32,-31,-16,11
BR,Brazil,,,,,,ChIJzyjM68dZnAARYz4p8gYVWik,2020-08-21,-32,6,-39,-32,-14,12
BR,Brazil,,,,,,ChIJzyjM68dZnAARYz4p8gYVWik,2020-08-22,-32,8,-43,-30,-4,10
BR,Brazil,,,,,,ChIJzyjM68dZnAARYz4p8gYVWik,2020-08-23,-40,-1,-44,-35,0,10
BR,Brazil,,,,,,ChIJzyjM68dZnAARYz4p8gYVWik,2020-08-24,-27,4,-33,-28,-10,11
BR,Brazil,,,,,,ChIJzyjM68dZnAARYz4p8gYVWik,2020-08-25,-27,6,-31,-28,-14,10
BR,Brazil,,,,,,ChIJzyjM68dZnAARYz4p8gYVWik,2020-08-26,-25,6,-24,-28,-13,10
BR,Brazil,,,,,,ChIJzyjM68dZnAARYz4p8gYVWik,2020-08-27,-27,8,-21,-27,-12,10
BR,Brazil,,,,,,ChIJzyjM68dZnAARYz4p8gYVWik,2020-08-28,-24,13,-23,-23,-10,9
BR,Brazil,,,,,,ChIJzyjM68dZnAARYz4p8gYVWik,2020-08-29,-25,13,-24,-20,1,7
BR,Brazil,,,,,,ChIJzyjM68dZnAARYz4p8gYVWik,2020-08-30,-33,4,-27,-26,2,7
BR,Brazil,,,,,,ChIJzyjM68dZnAARYz4p8gYVWik,2020-08-31,-27,7,-32,-27,-10,9
BR,Brazil,,,,,,ChIJzyjM68dZnAARYz4p8gYVWik,2020-09-01,-26,11,-31,-27,-13,9
BR,Brazil,,,,,,ChIJzyjM68dZnAARYz4p8gYVWik,2020-09-02,-22,11,-23,-25,-12,9
BR,Brazil,,,,,,ChIJzyjM68dZnAARYz4p8gYVWik,2020-09-03,-22,14,-18,-23,-12,9
BR,Brazil,,,,,,ChIJzyjM68dZnAARYz4p8gYVWik,2020-09-04,-18,23,-17,-17,-9,8
BR,Brazil,,,,,,ChIJzyjM68dZnAARYz4p8gYVWik,2020-09-05,-17,24,-14,-12,-2,4
BR,Brazil,,,,,,ChIJzyjM68dZnAARYz4p8gYVWik,2020-09-06,-26,15,-6,-23,-1,5
BR,Brazil,,,,,,ChIJzyjM68dZnAARYz4p8gYVWik,2020-09-07,-44,-15,3,-49,-61,14
BR,Brazil,,,,,,ChIJzyjM68dZnAARYz4p8gYVWik,2020-09-08,-21,15,-25,-22,-15,7
BR,Brazil,,,,,,ChIJzyjM68dZnAARYz4p8gYVWik,2020-09-09,-21,13,-20,-23,-11,9
BR,Brazil,,,,,,ChIJzyjM68dZnAARYz4p8gYVWik,2020-09-10,-20,17,-13,-21,-11,8
BR,Brazil,,,,,,ChIJzyjM68dZnAARYz4p8gYVWik,2020-09-11,-19,17,-16,-18,-9,9
BR,Brazil,,,,,,ChIJzyjM68dZnAARYz4p8gYVWik,2020-09-12,-20,17,-18,-15,2,6
BR,Brazil,,,,,,ChIJzyjM68dZnAARYz4p8gYVWik,2020-09-13,-28,8,-20,-22,3,6
BR,Brazil,,,,,,ChIJzyjM68dZnAARYz4p8gYVWik,2020-09-14,-23,8,-24,-23,-7,9
BR,Brazil,,,,,,ChIJzyjM68dZnAARYz4p8gYVWik,2020-09-15,-23,11,-27,-24,-11,10
BR,Brazil,,,,,,ChIJzyjM68dZnAARYz4p8gYVWik,2020-09-16,-23,6,-19,-24,-11,10
BR,Brazil,,,,,,ChIJzyjM68dZnAARYz4p8gYVWik,2020-09-17,-24,10,-17,-23,-10,9
BR,Brazil,,,,,,ChIJzyjM68dZnAARYz4p8gYVWik,2020-09-18,-21,14,-19,-20,-7,9
BR,Brazil,,,,,,ChIJzyjM68dZnAARYz4p8gYVWik,2020-09-19,-21,15,-21,-16,2,7
BR,Brazil,,,,,,ChIJzyjM68dZnAARYz4p8gYVWik,2020-09-20,-33,4,-35,-28,1,8
BR,Brazil,,,,,,ChIJzyjM68dZnAARYz4p8gYVWik,2020-09-21,-27,5,-35,-26,-9,10
BR,Brazil,,,,,,ChIJzyjM68dZnAARYz4p8gYVWik,2020-09-22,-31,3,-41,-29,-13,11
BR,Brazil,,,,,,ChIJzyjM68dZnAARYz4p8gYVWik,2020-09-23,-28,7,-33,-25,-10,10
BR,Brazil,,,,,,ChIJzyjM68dZnAARYz4p8gYVWik,2020-09-24,-28,9,-28,-23,-9,10
BR,Brazil,,,,,,ChIJzyjM68dZnAARYz4p8gYVWik,2020-09-25,-25,15,-27,-20,-6,9
BR,Brazil,,,,,,ChIJzyjM68dZnAARYz4p8gYVWik,2020-09-26,-26,14,-26,-17,4,7
BR,Brazil,,,,,,ChIJzyjM68dZnAARYz4p8gYVWik,2020-09-27,-33,4,-27,-22,3,7
BR,Brazil,,,,,,ChIJzyjM68dZnAARYz4p8gYVWik,2020-09-28,-31,5,-36,-25,-6,10
BR,Brazil,,,,,,ChIJzyjM68dZnAARYz4p8gYVWik,2020-09-29,-28,9,-35,-23,-9,9
BR,Brazil,,,,,,ChIJzyjM68dZnAARYz4p8gYVWik,2020-09-30,-24,14,-26,-21,-9,8
BR,Brazil,,,,,,ChIJzyjM68dZnAARYz4p8gYVWik,2020-10-01,-24,20,-20,-19,-7,7
BR,Brazil,,,,,,ChIJzyjM68dZnAARYz4p8gYVWik,2020-10-02,-20,21,-19,-10,-5,7
BR,Brazil,,,,,,ChIJzyjM68dZnAARYz4p8gYVWik,2020-10-03,-21,20,-29,-6,3,5
BR,Brazil,,,,,,ChIJzyjM68dZnAARYz4p8gYVWik,2020-10-04,-30,10,-37,-16,2,6
BR,Brazil,,,,,,ChIJzyjM68dZnAARYz4p8gYVWik,2020-10-05,-23,14,-30,-13,-6,7
BR,Brazil,,,,,,ChIJzyjM68dZnAARYz4p8gYVWik,2020-10-06,-20,19,-26,-12,-8,6
BR,Brazil,,,,,,ChIJzyjM68dZnAARYz4p8gYVWik,2020-10-07,-17,20,-21,-12,-7,7
BR,Brazil,,,,,,ChIJzyjM68dZnAARYz4p8gYVWik,2020-10-08,-18,22,-22,-12,-6,7
BR,Brazil,,,,,,ChIJzyjM68dZnAARYz4p8gYVWik,2020-10-09,-18,21,-25,-11,-5,7
BR,Brazil,,,,,,ChIJzyjM68dZnAARYz4p8gYVWik,2020-10-10,-12,27,-15,-1,5,4
BR,Brazil,,,,,,ChIJzyjM68dZnAARYz4p8gYVWik,2020-10-11,-18,20,-4,-12,6,5
BR,Brazil,,,,,,ChIJzyjM68dZnAARYz4p8gYVWik,2020-10-12,-34,-7,16,-40,-59,12
BR,Brazil,,,,,,ChIJzyjM68dZnAARYz4p8gYVWik,2020-10-13,-21,15,-25,-11,-8,6
BR,Brazil,,,,,,ChIJzyjM68dZnAARYz4p8gYVWik,2020-10-14,-20,14,-22,-12,-7,9
BR,Brazil,,,,,,ChIJzyjM68dZnAARYz4p8gYVWik,2020-10-15,-21,20,-24,-12,-8,8
BR,Brazil,,,,,,ChIJzyjM68dZnAARYz4p8gYVWik,2020-10-16,-20,20,-26,-10,-4,8
BR,Brazil,,,,,,ChIJzyjM68dZnAARYz4p8gYVWik,2020-10-17,-18,20,-25,-4,7,6
BR,Brazil,,,,,,ChIJzyjM68dZnAARYz4p8gYVWik,2020-10-18,-26,11,-26,-11,6,7
BR,Brazil,,,,,,ChIJzyjM68dZnAARYz4p8gYVWik,2020-10-19,-28,3,-31,-16,-7,9
BR,Brazil,,,,,,ChIJzyjM68dZnAARYz4p8gYVWik,2020-10-20,-23,15,-30,-12,-7,8
BR,Brazil,,,,,,ChIJzyjM68dZnAARYz4p8gYVWik,2020-10-21,-20,15,-20,-11,-5,9
BR,Brazil,,,,,,ChIJzyjM68dZnAARYz4p8gYVWik,2020-10-22,-20,18,-17,-10,-5,8
BR,Brazil,,,,,,ChIJzyjM68dZnAARYz4p8gYVWik,2020-10-23,-19,20,-17,-7,-2,8
BR,Brazil,,,,,,ChIJzyjM68dZnAARYz4p8gYVWik,2020-10-24,-20,18,-25,-4,7,6
BR,Brazil,,,,,,ChIJzyjM68dZnAARYz4p8gYVWik,2020-10-25,-26,12,-27,-13,6,7
BR,Brazil,,,,,,ChIJzyjM68dZnAARYz4p8gYVWik,2020-10-26,-24,12,-28,-12,-3,8
BR,Brazil,,,,,,ChIJzyjM68dZnAARYz4p8gYVWik,2020-10-27,-22,14,-24,-11,-6,8
BR,Brazil,,,,,,ChIJzyjM68dZnAARYz4p8gYVWik,2020-10-28,-20,13,-18,-12,-5,8
BR,Brazil,,,,,,ChIJzyjM68dZnAARYz4p8gYVWik,2020-10-29,-21,16,-24,-12,-4,7
BR,Brazil,,,,,,ChIJzyjM68dZnAARYz4p8gYVWik,2020-10-30,-21,21,-32,-13,-7,8
BR,Brazil,,,,,,ChIJzyjM68dZnAARYz4p8gYVWik,2020-10-31,-18,23,-29,-7,5,5
BR,Brazil,,,,,,ChIJzyjM68dZnAARYz4p8gYVWik,2020-11-01,-23,19,-22,-17,4,6
BR,Brazil,,,,,,ChIJzyjM68dZnAARYz4p8gYVWik,2020-11-02,-43,-13,-7,-46,-61,15
BR,Brazil,,,,,,ChIJzyjM68dZnAARYz4p8gYVWik,2020-11-03,-22,16,-33,-11,-6,6
BR,Brazil,,,,,,ChIJzyjM68dZnAARYz4p8gYVWik,2020-11-04,-19,16,-27,-12,-5,8
BR,Brazil,,,,,,ChIJzyjM68dZnAARYz4p8gYVWik,2020-11-05,-18,22,-24,-11,-4,7
BR,Brazil,,,,,,ChIJzyjM68dZnAARYz4p8gYVWik,2020-11-06,-14,26,-22,-7,-1,6
BR,Brazil,,,,,,ChIJzyjM68dZnAARYz4p8gYVWik,2020-11-07,-10,27,-19,1,10,4
BR,Brazil,,,,,,ChIJzyjM68dZnAARYz4p8gYVWik,2020-11-08,-17,19,-20,-6,9,5
BR,Brazil,,,,,,ChIJzyjM68dZnAARYz4p8gYVWik,2020-11-09,-19,17,-33,-11,-2,7
BR,Brazil,,,,,,ChIJzyjM68dZnAARYz4p8gYVWik,2020-11-10,-17,19,-30,-11,-5,7
BR,Brazil,,,,,,ChIJzyjM68dZnAARYz4p8gYVWik,2020-11-11,-18,14,-26,-12,-4,8
BR,Brazil,,,,,,ChIJzyjM68dZnAARYz4p8gYVWik,2020-11-12,-17,19,-21,-11,-4,7
BR,Brazil,,,,,,ChIJzyjM68dZnAARYz4p8gYVWik,2020-11-13,-15,21,-23,-7,-1,6
BR,Brazil,,,,,,ChIJzyjM68dZnAARYz4p8gYVWik,2020-11-14,-11,23,-22,0,10,4
BR,Brazil,,,,,,ChIJzyjM68dZnAARYz4p8gYVWik,2020-11-15,-4,44,-6,26,22,2
BR,Brazil,,,,,,ChIJzyjM68dZnAARYz4p8gYVWik,2020-11-16,-21,11,-30,-13,-3,7
BR,Brazil,,,,,,ChIJzyjM68dZnAARYz4p8gYVWik,2020-11-17,-22,12,-33,-14,-5,8
BR,Brazil,,,,,,ChIJzyjM68dZnAARYz4p8gYVWik,2020-11-18,-22,9,-34,-16,-5,9
BR,Brazil,,,,,,ChIJzyjM68dZnAARYz4p8gYVWik,2020-11-19,-19,17,-30,-14,-5,8
BR,Brazil,,,,,,ChIJzyjM68dZnAARYz4p8gYVWik,2020-11-20,-19,19,-26,-18,-13,9
BR,Brazil,,,,,,ChIJzyjM68dZnAARYz4p8gYVWik,2020-11-21,-13,20,-24,-5,6,5
BR,Brazil,,,,,,ChIJzyjM68dZnAARYz4p8gYVWik,2020-11-22,-20,12,-27,-10,6,5
BR,Brazil,,,,,,ChIJzyjM68dZnAARYz4p8gYVWik,2020-11-23,-20,12,-32,-13,-1,7
BR,Brazil,,,,,,ChIJzyjM68dZnAARYz4p8gYVWik,2020-11-24,-20,13,-31,-13,-5,7
BR,Brazil,,,,,,ChIJzyjM68dZnAARYz4p8gYVWik,2020-11-25,-17,14,-24,-13,-3,8
BR,Brazil,,,,,,ChIJzyjM68dZnAARYz4p8gYVWik,2020-11-26,-17,19,-22,-13,-3,7
BR,Brazil,,,,,,ChIJzyjM68dZnAARYz4p8gYVWik,2020-11-27,-9,30,-24,-8,0,6
BR,Brazil,,,,,,ChIJzyjM68dZnAARYz4p8gYVWik,2020-11-28,-10,24,-23,-2,10,4
BR,Brazil,,,,,,ChIJzyjM68dZnAARYz4p8gYVWik,2020-11-29,-13,27,-21,4,11,4
BR,Brazil,,,,,,ChIJzyjM68dZnAARYz4p8gYVWik,2020-11-30,-17,18,-31,-13,-1,7
BR,Brazil,,,,,,ChIJzyjM68dZnAARYz4p8gYVWik,2020-12-01,-16,22,-31,-12,-4,7
BR,Brazil,,,,,,ChIJzyjM68dZnAARYz4p8gYVWik,2020-12-02,-14,20,-25,-12,-2,7
BR,Brazil,,,,,,ChIJzyjM68dZnAARYz4p8gYVWik,2020-12-03,-15,23,-23,-11,-2,7
BR,Brazil,,,,,,ChIJzyjM68dZnAARYz4p8gYVWik,2020-12-04,-11,27,-22,-7,1,6
BR,Brazil,,,,,,ChIJzyjM68dZnAARYz4p8gYVWik,2020-12-05,-10,26,-32,-2,10,4
BR,Brazil,,,,,,ChIJzyjM68dZnAARYz4p8gYVWik,2020-12-06,-19,17,-39,-12,7,6
BR,Brazil,,,,,,ChIJzyjM68dZnAARYz4p8gYVWik,2020-12-07,-14,21,-35,-12,-2,7
BR,Brazil,,,,,,ChIJzyjM68dZnAARYz4p8gYVWik,2020-12-08,-16,18,-28,-15,-10,8
BR,Brazil,,,,,,ChIJzyjM68dZnAARYz4p8gYVWik,2020-12-09,-14,18,-23,-12,-2,7
BR,Brazil,,,,,,ChIJzyjM68dZnAARYz4p8gYVWik,2020-12-10,-14,23,-18,-10,-2,7
BR,Brazil,,,,,,ChIJzyjM68dZnAARYz4p8gYVWik,2020-12-11,-13,23,-21,-8,0,7
BR,Brazil,,,,,,ChIJzyjM68dZnAARYz4p8gYVWik,2020-12-12,-12,22,-23,-1,11,5
BR,Brazil,,,,,,ChIJzyjM68dZnAARYz4p8gYVWik,2020-12-13,-18,15,-24,-9,10,6
BR,Brazil,,,,,,ChIJzyjM68dZnAARYz4p8gYVWik,2020-12-14,-15,17,-26,-11,0,7
BR,Brazil,,,,,,ChIJzyjM68dZnAARYz4p8gYVWik,2020-12-15,-13,21,-25,-10,-3,6
BR,Brazil,,,,,,ChIJzyjM68dZnAARYz4p8gYVWik,2020-12-16,-11,20,-18,-10,-2,7
BR,Brazil,,,,,,ChIJzyjM68dZnAARYz4p8gYVWik,2020-12-17,-11,24,-17,-9,-2,6
BR,Brazil,,,,,,ChIJzyjM68dZnAARYz4p8gYVWik,2020-12-18,-7,29,-16,-5,1,5
BR,Brazil,,,,,,ChIJzyjM68dZnAARYz4p8gYVWik,2020-12-19,-5,28,-19,6,13,3
BR,Brazil,,,,,,ChIJzyjM68dZnAARYz4p8gYVWik,2020-12-20,-6,27,-18,0,18,5
BR,Brazil,,,,,,ChIJzyjM68dZnAARYz4p8gYVWik,2020-12-21,-2,31,-17,-7,-3,5
BR,Brazil,,,,,,ChIJzyjM68dZnAARYz4p8gYVWik,2020-12-22,0,36,-19,-7,-9,5
BR,Brazil,,,,,,ChIJzyjM68dZnAARYz4p8gYVWik,2020-12-23,7,55,-6,-3,-9,4
BR,Brazil,,,,,,ChIJzyjM68dZnAARYz4p8gYVWik,2020-12-24,-16,67,-6,-23,-33,7
BR,Brazil,,,,,,ChIJzyjM68dZnAARYz4p8gYVWik,2020-12-25,-71,-58,-14,-62,-70,15
BR,Brazil,,,,,,ChIJzyjM68dZnAARYz4p8gYVWik,2020-12-26,-36,4,-17,-29,-18,10
BR,Brazil,,,,,,ChIJzyjM68dZnAARYz4p8gYVWik,2020-12-27,-36,-2,-27,-23,1,8
BR,Brazil,,,,,,ChIJzyjM68dZnAARYz4p8gYVWik,2020-12-28,-14,22,-12,-19,-15,10
BR,Brazil,,,,,,ChIJzyjM68dZnAARYz4p8gYVWik,2020-12-29,-14,25,-5,-20,-19,9
BR,Brazil,,,,,,ChIJzyjM68dZnAARYz4p8gYVWik,2020-12-30,-6,46,20,-15,-19,7
BR,Brazil,,,,,,ChIJzyjM68dZnAARYz4p8gYVWik,2020-12-31,-29,60,30,-32,-40,9
BR,Brazil,,,,,,ChIJzyjM68dZnAARYz4p8gYVWik,2021-01-01,-69,-59,24,-64,-71,15
BR,Brazil,,,,,,ChIJzyjM68dZnAARYz4p8gYVWik,2021-01-02,-45,-2,-2,-37,-28,11
BR,Brazil,,,,,,ChIJzyjM68dZnAARYz4p8gYVWik,2021-01-03,-37,-1,-13,-20,-1,6
BR,Brazil,,,,,,ChIJzyjM68dZnAARYz4p8gYVWik,2021-01-04,-23,18,-14,-19,-10,8
BR,Brazil,,,,,,ChIJzyjM68dZnAARYz4p8gYVWik,2021-01-05,-22,18,-14,-18,-12,8
BR,Brazil,,,,,,ChIJzyjM68dZnAARYz4p8gYVWik,2021-01-06,-21,15,-9,-18,-10,9
BR,Brazil,,,,,,ChIJzyjM68dZnAARYz4p8gYVWik,2021-01-07,-20,21,-5,-17,-9,8
BR,Brazil,,,,,,ChIJzyjM68dZnAARYz4p8gYVWik,2021-01-08,-18,23,-9,-14,-6,8
BR,Brazil,,,,,,ChIJzyjM68dZnAARYz4p8gYVWik,2021-01-09,-20,19,-14,-12,5,6
BR,Brazil,,,,,,ChIJzyjM68dZnAARYz4p8gYVWik,2021-01-10,-27,10,-16,-18,6,6
BR,Brazil,,,,,,ChIJzyjM68dZnAARYz4p8gYVWik,2021-01-11,-19,17,-20,-16,-5,7
BR,Brazil,,,,,,ChIJzyjM68dZnAARYz4p8gYVWik,2021-01-12,-23,12,-21,-19,-10,7
BR,Brazil,,,,,,ChIJzyjM68dZnAARYz4p8gYVWik,2021-01-13,-24,6,-20,-21,-10,7
BR,Brazil,,,,,,ChIJzyjM68dZnAARYz4p8gYVWik,2021-01-14,-27,5,-20,-24,-13,6
BR,Brazil,,,,,,ChIJzyjM68dZnAARYz4p8gYVWik,2021-01-15,-28,4,-24,-24,-12,6
BR,Brazil,,,,,,ChIJzyjM68dZnAARYz4p8gYVWik,2021-01-16,-29,4,-25,-21,-4,5
BR,Brazil,,,,,,ChIJzyjM68dZnAARYz4p8gYVWik,2021-01-17,-34,-2,-25,-24,-4,5
BR,Brazil,,,,,,ChIJzyjM68dZnAARYz4p8gYVWik,2021-01-18,-29,0,-30,-24,-11,7
BR,Brazil,,,,,,ChIJzyjM68dZnAARYz4p8gYVWik,2021-01-19,-29,2,-30,-25,-14,7
BR,Brazil,,,,,,ChIJzyjM68dZnAARYz4p8gYVWik,2021-01-20,-27,3,-21,-26,-15,8
BR,Brazil,,,,,,ChIJzyjM68dZnAARYz4p8gYVWik,2021-01-21,-27,6,-22,-23,-11,7
BR,Brazil,,,,,,ChIJzyjM68dZnAARYz4p8gYVWik,2021-01-22,-26,7,-23,-20,-9,7
BR,Brazil,,,,,,ChIJzyjM68dZnAARYz4p8gYVWik,2021-01-23,-28,7,-24,-19,-1,6
BR,Brazil,,,,,,ChIJzyjM68dZnAARYz4p8gYVWik,2021-01-24,-33,0,-26,-24,-1,6
BR,Brazil,,,,,,ChIJzyjM68dZnAARYz4p8gYVWik,2021-01-25,-30,2,-27,-30,-13,8
BR,Brazil,,,,,,ChIJzyjM68dZnAARYz4p8gYVWik,2021-01-26,-30,2,-30,-23,-11,7
BR,Brazil,,,,,,ChIJzyjM68dZnAARYz4p8gYVWik,2021-01-27,-28,2,-23,-23,-10,8
BR,Brazil,,,,,,ChIJzyjM68dZnAARYz4p8gYVWik,2021-01-28,-28,6,-22,-22,-9,7
BR,Brazil,,,,,,ChIJzyjM68dZnAARYz4p8gYVWik,2021-01-29,-24,13,-22,-18,-6,6
BR,Brazil,,,,,,ChIJzyjM68dZnAARYz4p8gYVWik,2021-01-30,-31,10,-25,-20,-2,6
BR,Brazil,,,,,,ChIJzyjM68dZnAARYz4p8gYVWik,2021-01-31,-36,5,-25,-24,-1,5
BR,Brazil,,,,,,ChIJzyjM68dZnAARYz4p8gYVWik,2021-02-01,-26,9,-30,-20,-6,6
BR,Brazil,,,,,,ChIJzyjM68dZnAARYz4p8gYVWik,2021-02-02,-27,7,-27,-21,-11,6
BR,Brazil,,,,,,ChIJzyjM68dZnAARYz4p8gYVWik,2021-02-03,-26,5,-24,-21,-8,6
BR,Brazil,,,,,,ChIJzyjM68dZnAARYz4p8gYVWik,2021-02-04,-26,8,-23,-20,-8,6
BR,Brazil,,,,,,ChIJzyjM68dZnAARYz4p8gYVWik,2021-02-05,-22,15,-29,-17,-5,5
BR,Brazil,,,,,,ChIJzyjM68dZnAARYz4p8gYVWik,2021-02-06,-23,16,-30,-16,0,5
BR,Brazil,,,,,,ChIJzyjM68dZnAARYz4p8gYVWik,2021-02-07,-32,6,-32,-24,-1,5
BR,Brazil,,,,,,ChIJzyjM68dZnAARYz4p8gYVWik,2021-02-08,-24,10,-33,-17,-5,5
BR,Brazil,,,,,,ChIJzyjM68dZnAARYz4p8gYVWik,2021-02-09,-23,11,-32,-17,-8,6
BR,Brazil,,,,,,ChIJzyjM68dZnAARYz4p8gYVWik,2021-02-10,-22,9,-26,-17,-6,6
BR,Brazil,,,,,,ChIJzyjM68dZnAARYz4p8gYVWik,2021-02-11,-24,11,-28,-18,-7,6
BR,Brazil,,,,,,ChIJzyjM68dZnAARYz4p8gYVWik,2021-02-12,-22,15,-31,-16,-4,5
BR,Brazil,,,,,,ChIJzyjM68dZnAARYz4p8gYVWik,2021-02-13,-24,13,-31,-20,-1,5
BR,Brazil,,,,,,ChIJzyjM68dZnAARYz4p8gYVWik,2021-02-14,-30,7,-23,-26,0,6
BR,Brazil,,,,,,ChIJzyjM68dZnAARYz4p8gYVWik,2021-02-15,-28,6,-15,-29,-23,8
BR,Brazil,,,,,,ChIJzyjM68dZnAARYz4p8gYVWik,2021-02-16,-35,-5,-16,-34,-31,10
BR,Brazil,,,,,,ChIJzyjM68dZnAARYz4p8gYVWik,2021-02-17,-27,5,-28,-23,-12,7
BR,Brazil,,,,,,ChIJzyjM68dZnAARYz4p8gYVWik,2021-02-18,-24,14,-25,-17,-6,6
BR,Brazil,,,,,,ChIJzyjM68dZnAARYz4p8gYVWik,2021-02-19,-22,16,-27,-16,-4,6
BR,Brazil,,,,,,ChIJzyjM68dZnAARYz4p8gYVWik,2021-02-20,-23,15,-28,-16,2,5
BR,Brazil,,,,,,ChIJzyjM68dZnAARYz4p8gYVWik,2021-02-21,-31,7,-31,-22,1,6
BR,Brazil,,,,,,ChIJzyjM68dZnAARYz4p8gYVWik,2021-02-22,-26,9,-36,-17,-3,6
BR,Brazil,,,,,,ChIJzyjM68dZnAARYz4p8gYVWik,2021-02-23,-26,9,-34,-18,-7,6
BR,Brazil,,,,,,ChIJzyjM68dZnAARYz4p8gYVWik,2021-02-24,-26,7,-31,-19,-6,7
BR,Brazil,,,,,,ChIJzyjM68dZnAARYz4p8gYVWik,2021-02-25,-26,14,-32,-18,-5,7
BR,Brazil,,,,,,ChIJzyjM68dZnAARYz4p8gYVWik,2021-02-26,-26,18,-37,-17,-3,7
BR,Brazil,,,,,,ChIJzyjM68dZnAARYz4p8gYVWik,2021-02-27,-32,16,-44,-22,-2,8
BR,Brazil,,,,,,ChIJzyjM68dZnAARYz4p8gYVWik,2021-02-28,-40,6,-47,-29,-4,8
BR,Brazil,,,,,,ChIJzyjM68dZnAARYz4p8gYVWik,2021-03-01,-30,13,-41,-20,-6,8
BR,Brazil,,,,,,ChIJzyjM68dZnAARYz4p8gYVWik,2021-03-02,-30,13,-38,-21,-10,8
BR,Brazil,,,,,,ChIJzyjM68dZnAARYz4p8gYVWik,2021-03-03,-29,12,-33,-20,-9,8
BR,Brazil,,,,,,ChIJzyjM68dZnAARYz4p8gYVWik,2021-03-04,-30,15,-33,-20,-9,8
BR,Brazil,,,,,,ChIJzyjM68dZnAARYz4p8gYVWik,2021-03-05,-26,25,-36,-17,-7,8
BR,Brazil,,,,,,ChIJzyjM68dZnAARYz4p8gYVWik,2021-03-06,-41,19,-48,-27,-8,9
BR,Brazil,,,,,,ChIJzyjM68dZnAARYz4p8gYVWik,2021-03-07,-51,4,-56,-36,-9,10
BR,Brazil,,,,,,ChIJzyjM68dZnAARYz4p8gYVWik,2021-03-08,-32,15,-41,-24,-9,9
BR,Brazil,,,,,,ChIJzyjM68dZnAARYz4p8gYVWik,2021-03-09,-35,11,-42,-25,-13,9
BR,Brazil,,,,,,ChIJzyjM68dZnAARYz4p8gYVWik,2021-03-10,-32,13,-34,-24,-11,9
BR,Brazil,,,,,,ChIJzyjM68dZnAARYz4p8gYVWik,2021-03-11,-35,14,-33,-25,-11,9
BR,Brazil,,,,,,ChIJzyjM68dZnAARYz4p8gYVWik,2021-03-12,-34,17,-36,-23,-9,10
BR,Brazil,,,,,,ChIJzyjM68dZnAARYz4p8gYVWik,2021-03-13,-44,12,-44,-29,-9,10
BR,Brazil,,,,,,ChIJzyjM68dZnAARYz4p8gYVWik,2021-03-14,-52,0,-49,-36,-9,10
BR,Brazil,,,,,,ChIJzyjM68dZnAARYz4p8gYVWik,2021-03-15,-38,8,-42,-28,-10,10
BR,Brazil,,,,,,ChIJzyjM68dZnAARYz4p8gYVWik,2021-03-16,-39,9,-42,-29,-15,10
BR,Brazil,,,,,,ChIJzyjM68dZnAARYz4p8gYVWik,2021-03-17,-40,6,-39,-30,-15,12
BR,Brazil,,,,,,ChIJzyjM68dZnAARYz4p8gYVWik,2021-03-18,-43,8,-40,-31,-16,12
BR,Brazil,,,,,,ChIJzyjM68dZnAARYz4p8gYVWik,2021-03-19,-43,12,-42,-30,-15,12
BR,Brazil,,,,,,ChIJzyjM68dZnAARYz4p8gYVWik,2021-03-20,-49,10,-48,-33,-11,11
BR,Brazil,,,,,,ChIJzyjM68dZnAARYz4p8gYVWik,2021-03-21,-56,-4,-53,-40,-11,12
BR,Brazil,,,,,,ChIJzyjM68dZnAARYz4p8gYVWik,2021-03-22,-41,6,-45,-31,-12,11
BR,Brazil,,,,,,ChIJzyjM68dZnAARYz4p8gYVWik,2021-03-23,-43,5,-45,-32,-16,12
BR,Brazil,,,,,,ChIJzyjM68dZnAARYz4p8gYVWik,2021-03-24,-41,4,-40,-32,-16,12
BR,Brazil,,,,,,ChIJzyjM68dZnAARYz4p8gYVWik,2021-03-25,-41,11,-37,-31,-16,12
BR,Brazil,,,,,,ChIJzyjM68dZnAARYz4p8gYVWik,2021-03-26,-44,13,-43,-34,-16,13
BR,Brazil,,,,,,ChIJzyjM68dZnAARYz4p8gYVWik,2021-03-27,-51,7,-51,-37,-12,12
BR,Brazil,,,,,,ChIJzyjM68dZnAARYz4p8gYVWik,2021-03-28,-59,-8,-55,-44,-12,12
BR,Brazil,,,,,,ChIJzyjM68dZnAARYz4p8gYVWik,2021-03-29,-44,4,-47,-38,-16,13
BR,Brazil,,,,,,ChIJzyjM68dZnAARYz4p8gYVWik,2021-03-30,-43,8,-47,-38,-20,12
BR,Brazil,,,,,,ChIJzyjM68dZnAARYz4p8gYVWik,2021-03-31,-37,19,-38,-34,-18,12
BR,Brazil,,,,,,ChIJzyjM68dZnAARYz4p8gYVWik,2021-04-01,-32,44,-31,-31,-20,10
BR,Brazil,,,,,,ChIJzyjM68dZnAARYz4p8gYVWik,2021-04-02,-67,-14,-43,-60,-65,23
BR,Brazil,,,,,,ChIJzyjM68dZnAARYz4p8gYVWik,2021-04-03,-46,20,-45,-38,-18,11
BR,Brazil,,,,,,ChIJzyjM68dZnAARYz4p8gYVWik,2021-04-04,-57,-5,-53,-38,-5,8
BR,Brazil,,,,,,ChIJzyjM68dZnAARYz4p8gYVWik,2021-04-05,-37,11,-43,-29,-9,10
BR,Brazil,,,,,,ChIJzyjM68dZnAARYz4p8gYVWik,2021-04-06,-38,11,-45,-31,-13,11
BR,Brazil,,,,,,ChIJzyjM68dZnAARYz4p8gYVWik,2021-04-07,-34,17,-38,-28,-12,11
BR,Brazil,,,,,,ChIJzyjM68dZnAARYz4p8gYVWik,2021-04-08,-33,23,-34,-26,-11,10
BR,Brazil,,,,,,ChIJzyjM68dZnAARYz4p8gYVWik,2021-04-09,-33,25,-36,-24,-8,10
BR,Brazil,,,,,,ChIJzyjM68dZnAARYz4p8gYVWik,2021-04-10,-37,23,-41,-26,-3,9
BR,Brazil,,,,,,ChIJzyjM68dZnAARYz4p8gYVWik,2021-04-11,-49,5,-46,-35,-6,10
BR,Brazil,,,,,,ChIJzyjM68dZnAARYz4p8gYVWik,2021-04-12,-33,14,-40,-25,-6,10
BR,Brazil,,,,,,ChIJzyjM68dZnAARYz4p8gYVWik,2021-04-13,-34,14,-42,-26,-10,10
BR,Brazil,,,,,,ChIJzyjM68dZnAARYz4p8gYVWik,2021-04-14,-32,14,-35,-24,-9,10
BR,Brazil,,,,,,ChIJzyjM68dZnAARYz4p8gYVWik,2021-04-15,-32,19,-33,-23,-8,10
BR,Brazil,,,,,,ChIJzyjM68dZnAARYz4p8gYVWik,2021-04-16,-32,21,-35,-21,-5,10
BR,Brazil,,,,,,ChIJzyjM68dZnAARYz4p8gYVWik,2021-04-17,-35,20,-43,-25,-1,9
BR,Brazil,,,,,,ChIJzyjM68dZnAARYz4p8gYVWik,2021-04-18,-46,6,-48,-33,-3,10
BR,Brazil,,,,,,ChIJzyjM68dZnAARYz4p8gYVWik,2021-04-19,-30,13,-42,-22,-3,9
BR,Brazil,,,,,,ChIJzyjM68dZnAARYz4p8gYVWik,2021-04-20,-26,24,-38,-21,-7,8
BR,Brazil,,,,,,ChIJzyjM68dZnAARYz4p8gYVWik,2021-04-21,-45,-4,-33,-47,-51,19
BR,Brazil,,,,,,ChIJzyjM68dZnAARYz4p8gYVWik,2021-04-22,-29,21,-33,-21,-5,9
BR,Brazil,,,,,,ChIJzyjM68dZnAARYz4p8gYVWik,2021-04-23,-28,23,-32,-20,-5,10
BR,Brazil,,,,,,ChIJzyjM68dZnAARYz4p8gYVWik,2021-04-24,-29,22,-34,-20,2,8
BR,Brazil,,,,,,ChIJzyjM68dZnAARYz4p8gYVWik,2021-04-25,-40,8,-39,-28,1,9
BR,Brazil,,,,,,ChIJzyjM68dZnAARYz4p8gYVWik,2021-04-26,-28,15,-38,-19,0,9
BR,Brazil,,,,,,ChIJzyjM68dZnAARYz4p8gYVWik,2021-04-27,-28,16,-38,-20,-5,9
BR,Brazil,,,,,,ChIJzyjM68dZnAARYz4p8gYVWik,2021-04-28,-26,17,-32,-19,-4,9
BR,Brazil,,,,,,ChIJzyjM68dZnAARYz4p8gYVWik,2021-04-29,-26,22,-31,-19,-3,9
BR,Brazil,,,,,,ChIJzyjM68dZnAARYz4p8gYVWik,2021-04-30,-20,37,-30,-13,0,7
BR,Brazil,,,,,,ChIJzyjM68dZnAARYz4p8gYVWik,2021-05-01,-34,14,-31,-26,-22,10
BR,Brazil,,,,,,ChIJzyjM68dZnAARYz4p8gYVWik,2021-05-02,-32,21,-33,-24,2,8
BR,Brazil,,,,,,ChIJzyjM68dZnAARYz4p8gYVWik,2021-05-03,-21,26,-35,-16,0,8
BR,Brazil,,,,,,ChIJzyjM68dZnAARYz4p8gYVWik,2021-05-04,-23,25,-36,-16,-3,8
BR,Brazil,,,,,,ChIJzyjM68dZnAARYz4p8gYVWik,2021-05-05,-21,24,-30,-16,-3,8
BR,Brazil,,,,,,ChIJzyjM68dZnAARYz4p8gYVWik,2021-05-06,-20,31,-28,-14,-2,7
BR,Brazil,,,,,,ChIJzyjM68dZnAARYz4p8gYVWik,2021-05-07,-14,42,-30,-10,2,7
BR,Brazil,,,,,,ChIJzyjM68dZnAARYz4p8gYVWik,2021-05-08,-8,51,-34,-6,7,5
BR,Brazil,,,,,,ChIJzyjM68dZnAARYz4p8gYVWik,2021-05-09,-26,33,-43,-15,18,4
BR,Brazil,,,,,,ChIJzyjM68dZnAARYz4p8gYVWik,2021-05-10,-21,26,-35,-14,0,7
BR,Brazil,,,,,,ChIJzyjM68dZnAARYz4p8gYVWik,2021-05-11,-22,26,-34,-15,-3,8
BR,Brazil,,,,,,ChIJzyjM68dZnAARYz4p8gYVWik,2021-05-12,-22,22,-32,-15,-3,9
BR,Brazil,,,,,,ChIJzyjM68dZnAARYz4p8gYVWik,2021-05-13,-24,26,-31,-16,-4,9
BR,Brazil,,,,,,ChIJzyjM68dZnAARYz4p8gYVWik,2021-05-14,-20,31,-30,-12,0,8
BR,Brazil,,,,,,ChIJzyjM68dZnAARYz4p8gYVWik,2021-05-15,-18,32,-31,-11,4,7
BR,Brazil,,,,,,ChIJzyjM68dZnAARYz4p8gYVWik,2021-05-16,-29,21,-33,-20,6,8
BR,Brazil,,,,,,ChIJzyjM68dZnAARYz4p8gYVWik,2021-05-17,-22,24,-32,-13,3,8
BR,Brazil,,,,,,ChIJzyjM68dZnAARYz4p8gYVWik,2021-05-18,-23,24,-33,-14,-1,8
BR,Brazil,,,,,,ChIJzyjM68dZnAARYz4p8gYVWik,2021-05-19,-21,24,-24,-16,-1,8
BR,Brazil,,,,,,ChIJzyjM68dZnAARYz4p8gYVWik,2021-05-20,-21,32,-20,-15,0,8
BR,Brazil,,,,,,ChIJzyjM68dZnAARYz4p8gYVWik,2021-05-21,-20,33,-22,-10,3,8
BR,Brazil,,,,,,ChIJzyjM68dZnAARYz4p8gYVWik,2021-05-22,-24,27,-31,-15,6,8
BR,Brazil,,,,,,ChIJzyjM68dZnAARYz4p8gYVWik,2021-05-23,-33,18,-33,-23,6,9
BR,Brazil,,,,,,ChIJzyjM68dZnAARYz4p8gYVWik,2021-05-24,-24,23,-30,-14,2,9
BR,Brazil,,,,,,ChIJzyjM68dZnAARYz4p8gYVWik,2021-05-25,-23,27,-27,-14,0,8
BR,Brazil,,,,,,ChIJzyjM68dZnAARYz4p8gYVWik,2021-05-26,-21,26,-20,-14,0,8
BR,Brazil,,,,,,ChIJzyjM68dZnAARYz4p8gYVWik,2021-05-27,-21,30,-17,-13,1,8
BR,Brazil,,,,,,ChIJzyjM68dZnAARYz4p8gYVWik,2021-05-28,-19,35,-20,-9,5,8
BR,Brazil,,,,,,ChIJzyjM68dZnAARYz4p8gYVWik,2021-05-29,-20,33,-23,-10,9,7
BR,Brazil,,,,,,ChIJzyjM68dZnAARYz4p8gYVWik,2021-05-30,-33,20,-36,-25,6,9
BR,Brazil,,,,,,ChIJzyjM68dZnAARYz4p8gYVWik,2021-05-31,-22,29,-31,-15,5,9
BR,Brazil,,,,,,ChIJzyjM68dZnAARYz4p8gYVWik,2021-06-01,-18,37,-25,-12,1,8
BR,Brazil,,,,,,ChIJzyjM68dZnAARYz4p8gYVWik,2021-06-02,-12,41,-13,-8,2,6
BR,Brazil,,,,,,ChIJzyjM68dZnAARYz4p8gYVWik,2021-06-03,-33,18,3,-36,-47,16
BR,Brazil,,,,,,ChIJzyjM68dZnAARYz4p8gYVWik,2021-06-04,-14,45,-8,-13,-8,9
BR,Brazil,,,,,,ChIJzyjM68dZnAARYz4p8gYVWik,2021-06-05,-17,38,-13,-9,6,7
BR,Brazil,,,,,,ChIJzyjM68dZnAARYz4p8gYVWik,2021-06-06,-28,24,-26,-17,7,7
BR,Brazil,,,,,,ChIJzyjM68dZnAARYz4p8gYVWik,2021-06-07,-17,36,-28,-11,5,8
BR,Brazil,,,,,,ChIJzyjM68dZnAARYz4p8gYVWik,2021-06-08,-16,39,-27,-11,2,8
BR,Brazil,,,,,,ChIJzyjM68dZnAARYz4p8gYVWik,2021-06-09,-13,37,-17,-10,3,8
BR,Brazil,,,,,,ChIJzyjM68dZnAARYz4p8gYVWik,2021-06-10,-15,38,-19,-10,3,8
BR,Brazil,,,,,,ChIJzyjM68dZnAARYz4p8gYVWik,2021-06-11,-12,42,-19,-7,6,7
BR,Brazil,,,,,,ChIJzyjM68dZnAARYz4p8gYVWik,2021-06-12,-5,43,-19,-5,10,6
BR,Brazil,,,,,,ChIJzyjM68dZnAARYz4p8gYVWik,2021-06-13,-26,23,-26,-18,6,8
BR,Brazil,,,,,,ChIJzyjM68dZnAARYz4p8gYVWik,2021-06-14,-18,29,-25,-11,6,8
BR,Brazil,,,,,,ChIJzyjM68dZnAARYz4p8gYVWik,2021-06-15,-18,32,-23,-12,3,8
BR,Brazil,,,,,,ChIJzyjM68dZnAARYz4p8gYVWik,2021-06-16,-17,29,-19,-12,3,8
BR,Brazil,,,,,,ChIJzyjM68dZnAARYz4p8gYVWik,2021-06-17,-20,30,-20,-13,2,8
BR,Brazil,,,,,,ChIJzyjM68dZnAARYz4p8gYVWik,2021-06-18,-18,33,-21,-10,6,7
BR,Brazil,,,,,,ChIJzyjM68dZnAARYz4p8gYVWik,2021-06-19,-20,30,-32,-12,8,7
BR,Brazil,,,,,,ChIJzyjM68dZnAARYz4p8gYVWik,2021-06-20,-28,22,-31,-21,5,8
BR,Brazil,,,,,,ChIJzyjM68dZnAARYz4p8gYVWik,2021-06-21,-20,27,-28,-13,6,8
BR,Brazil,,,,,,ChIJzyjM68dZnAARYz4p8gYVWik,2021-06-22,-20,28,-27,-15,2,8
BR,Brazil,,,,,,ChIJzyjM68dZnAARYz4p8gYVWik,2021-06-23,-17,29,-17,-13,2,7
BR,Brazil,,,,,,ChIJzyjM68dZnAARYz4p8gYVWik,2021-06-24,-22,25,-16,-16,-4,8
BR,Brazil,,,,,,ChIJzyjM68dZnAARYz4p8gYVWik,2021-06-25,-16,35,-15,-10,5,7
BR,Brazil,,,,,,ChIJzyjM68dZnAARYz4p8gYVWik,2021-06-26,-17,32,-21,-10,10,6
BR,Brazil,,,,,,ChIJzyjM68dZnAARYz4p8gYVWik,2021-06-27,-26,21,-25,-19,7,7
BR,Brazil,,,,,,ChIJzyjM68dZnAARYz4p8gYVWik,2021-06-28,-20,26,-27,-13,6,7
BR,Brazil,,,,,,ChIJzyjM68dZnAARYz4p8gYVWik,2021-06-29,-24,22,-32,-19,-1,8
BR,Brazil,,,,,,ChIJzyjM68dZnAARYz4p8gYVWik,2021-06-30,-15,35,-21,-13,4,7
BR,Brazil,,,,,,ChIJzyjM68dZnAARYz4p8gYVWik,2021-07-01,-13,44,-16,-10,4,7
BR,Brazil,,,,,,ChIJzyjM68dZnAARYz4p8gYVWik,2021-07-02,-12,44,-16,-7,6,7
BR,Brazil,,,,,,ChIJzyjM68dZnAARYz4p8gYVWik,2021-07-03,-9,44,-18,-4,12,6
BR,Brazil,,,,,,ChIJzyjM68dZnAARYz4p8gYVWik,2021-07-04,-20,32,-25,-16,9,7
BR,Brazil,,,,,,ChIJzyjM68dZnAARYz4p8gYVWik,2021-07-05,-12,38,-22,-8,8,7
BR,Brazil,,,,,,ChIJzyjM68dZnAARYz4p8gYVWik,2021-07-06,-11,42,-20,-8,4,7
BR,Brazil,,,,,,ChIJzyjM68dZnAARYz4p8gYVWik,2021-07-07,-6,44,-9,-6,5,6
BR,Brazil,,,,,,ChIJzyjM68dZnAARYz4p8gYVWik,2021-07-08,-6,48,-4,-4,5,5
BR,Brazil,,,,,,ChIJzyjM68dZnAARYz4p8gYVWik,2021-07-09,-9,44,-3,-13,-8,9
BR,Brazil,,,,,,ChIJzyjM68dZnAARYz4p8gYVWik,2021-07-10,-7,44,-8,-2,10,5
BR,Brazil,,,,,,ChIJzyjM68dZnAARYz4p8gYVWik,2021-07-11,-15,32,-10,-10,10,5
BR,Brazil,,,,,,ChIJzyjM68dZnAARYz4p8gYVWik,2021-07-12,-11,37,-15,-6,7,6
BR,Brazil,,,,,,ChIJzyjM68dZnAARYz4p8gYVWik,2021-07-13,-12,36,-13,-7,3,7
BR,Brazil,,,,,,ChIJzyjM68dZnAARYz4p8gYVWik,2021-07-14,-9,34,-6,-7,4,7
BR,Brazil,,,,,,ChIJzyjM68dZnAARYz4p8gYVWik,2021-07-15,-10,40,-4,-7,4,6
BR,Brazil,,,,,,ChIJzyjM68dZnAARYz4p8gYVWik,2021-07-16,-10,40,-9,-5,6,7
BR,Brazil,,,,,,ChIJzyjM68dZnAARYz4p8gYVWik,2021-07-17,-9,38,-13,-4,12,5
BR,Brazil,,,,,,ChIJzyjM68dZnAARYz4p8gYVWik,2021-07-18,-16,30,-13,-11,10,6
BR,Brazil,,,,,,ChIJzyjM68dZnAARYz4p8gYVWik,2021-07-19,-13,32,-18,-8,6,7
BR,Brazil,,,,,,ChIJzyjM68dZnAARYz4p8gYVWik,2021-07-20,-12,37,-15,-8,3,7
BR,Brazil,,,,,,ChIJzyjM68dZnAARYz4p8gYVWik,2021-07-21,-9,35,-6,-7,4,7
BR,Brazil,,,,,,ChIJzyjM68dZnAARYz4p8gYVWik,2021-07-22,-10,39,-1,-7,4,6
BR,Brazil,,,,,,ChIJzyjM68dZnAARYz4p8gYVWik,2021-07-23,-9,40,-4,-4,8,6
BR,Brazil,,,,,,ChIJzyjM68dZnAARYz4p8gYVWik,2021-07-24,-9,38,-3,-2,13,5
BR,Brazil,,,,,,ChIJzyjM68dZnAARYz4p8gYVWik,2021-07-25,-14,32,-4,-9,11,5
BR,Brazil,,,,,,ChIJzyjM68dZnAARYz4p8gYVWik,2021-07-26,-14,32,-13,-7,6,7
BR,Brazil,,,,,,ChIJzyjM68dZnAARYz4p8gYVWik,2021-07-27,-14,33,-15,-8,4,7
BR,Brazil,,,,,,ChIJzyjM68dZnAARYz4p8gYVWik,2021-07-28,-17,28,-19,-14,4,9
BR,Brazil,,,,,,ChIJzyjM68dZnAARYz4p8gYVWik,2021-07-29,-13,37,-10,-9,5,7
BR,Brazil,,,,,,ChIJzyjM68dZnAARYz4p8gYVWik,2021-07-30,-8,46,-13,-5,10,7
BR,Brazil,,,,,,ChIJzyjM68dZnAARYz4p8gYVWik,2021-07-31,-7,44,-18,-4,15,6
BR,Brazil,,,,,,ChIJzyjM68dZnAARYz4p8gYVWik,2021-08-01,-14,38,-20,-12,13,7
BR,Brazil,,,,,,ChIJzyjM68dZnAARYz4p8gYVWik,2021-08-02,-10,41,-19,-3,12,6
BR,Brazil,,,,,,ChIJzyjM68dZnAARYz4p8gYVWik,2021-08-03,-11,40,-19,-5,8,6
BR,Brazil,,,,,,ChIJzyjM68dZnAARYz4p8gYVWik,2021-08-04,-8,39,-12,-4,10,6
BR,Brazil,,,,,,ChIJzyjM68dZnAARYz4p8gYVWik,2021-08-05,-6,46,-8,-2,10,5
BR,Brazil,,,,,,ChIJzyjM68dZnAARYz4p8gYVWik,2021-08-06,1,56,-7,4,14,4
BR,Brazil,,,,,,ChIJzyjM68dZnAARYz4p8gYVWik,2021-08-07,5,59,-12,6,16,4
BR,Brazil,,,,,,ChIJzyjM68dZnAARYz4p8gYVWik,2021-08-08,-8,49,-15,-2,18,3
BR,Brazil,,,,,,ChIJzyjM68dZnAARYz4p8gYVWik,2021-08-09,-8,41,-16,0,13,5
BR,Brazil,,,,,,ChIJzyjM68dZnAARYz4p8gYVWik,2021-08-10,-8,42,-14,-1,10,5
BR,Brazil,,,,,,ChIJzyjM68dZnAARYz4p8gYVWik,2021-08-11,-8,37,-11,-3,10,6
BR,Brazil,,,,,,ChIJzyjM68dZnAARYz4p8gYVWik,2021-08-12,-11,39,-13,-4,10,6
BR,Brazil,,,,,,ChIJzyjM68dZnAARYz4p8gYVWik,2021-08-13,-9,41,-16,-3,14,6
BR,Brazil,,,,,,ChIJzyjM68dZnAARYz4p8gYVWik,2021-08-14,-5,41,-18,-2,15,5
BR,Brazil,,,,,,ChIJzyjM68dZnAARYz4p8gYVWik,2021-08-15,-11,36,-14,-9,13,6
BR,Brazil,,,,,,ChIJzyjM68dZnAARYz4p8gYVWik,2021-08-16,-12,34,-20,-4,13,6
BR,Brazil,,,,,,ChIJzyjM68dZnAARYz4p8gYVWik,2021-08-17,-11,37,-14,-3,9,5
BR,Brazil,,,,,,ChIJzyjM68dZnAARYz4p8gYVWik,2021-08-18,-9,33,-8,-3,13,6
BR,Brazil,,,,,,ChIJzyjM68dZnAARYz4p8gYVWik,2021-08-19,-9,38,-3,-2,13,5
BR,Brazil,,,,,,ChIJzyjM68dZnAARYz4p8gYVWik,2021-08-20,-6,44,-5,1,16,5
BR,Brazil,,,,,,ChIJzyjM68dZnAARYz4p8gYVWik,2021-08-21,-4,42,-3,2,15,4
BR,Brazil,,,,,,ChIJzyjM68dZnAARYz4p8gYVWik,2021-08-22,-10,37,0,-6,13,5
BR,Brazil,,,,,,ChIJzyjM68dZnAARYz4p8gYVWik,2021-08-23,-12,34,-14,-2,16,5
BR,Brazil,,,,,,ChIJzyjM68dZnAARYz4p8gYVWik,2021-08-24,-13,34,-14,-4,11,5
BR,Brazil,,,,,,ChIJzyjM68dZnAARYz4p8gYVWik,2021-08-25,-11,34,-7,-3,12,6
BR,Brazil,,,,,,ChIJzyjM68dZnAARYz4p8gYVWik,2021-08-26,-11,38,-6,-2,13,5
BR,Brazil,,,,,,ChIJzyjM68dZnAARYz4p8gYVWik,2021-08-27,-10,40,-13,-1,16,5
BR,Brazil,,,,,,ChIJzyjM68dZnAARYz4p8gYVWik,2021-08-28,-11,37,-22,-8,15,6
BR,Brazil,,,,,,ChIJzyjM68dZnAARYz4p8gYVWik,2021-08-29,-16,32,-22,-14,12,7
BR,Brazil,,,,,,ChIJzyjM68dZnAARYz4p8gYVWik,2021-08-30,-13,35,-20,-3,17,5
BR,Brazil,,,,,,ChIJzyjM68dZnAARYz4p8gYVWik,2021-08-31,-10,42,-18,-3,13,5
BR,Brazil,,,,,,ChIJzyjM68dZnAARYz4p8gYVWik,2021-09-01,-6,44,-9,-1,13,5
BR,Brazil,,,,,,ChIJzyjM68dZnAARYz4p8gYVWik,2021-09-02,-5,48,-3,0,15,4
BR,Brazil,,,,,,ChIJzyjM68dZnAARYz4p8gYVWik,2021-09-03,-2,52,-3,6,18,3
BR,Brazil,,,,,,ChIJzyjM68dZnAARYz4p8gYVWik,2021-09-04,0,49,0,6,15,3
BR,Brazil,,,,,,ChIJzyjM68dZnAARYz4p8gYVWik,2021-09-05,-5,42,9,-7,11,4
BR,Brazil,,,,,,ChIJzyjM68dZnAARYz4p8gYVWik,2021-09-06,4,56,14,-12,-12,6
BR,Brazil,,,,,,ChIJzyjM68dZnAARYz4p8gYVWik,2021-09-07,-29,8,22,-39,-60,15
BR,Brazil,,,,,,ChIJzyjM68dZnAARYz4p8gYVWik,2021-09-08,-7,42,-6,0,11,4
BR,Brazil,,,,,,ChIJzyjM68dZnAARYz4p8gYVWik,2021-09-09,-8,46,-5,0,14,4
BR,Brazil,,,,,,ChIJzyjM68dZnAARYz4p8gYVWik,2021-09-10,-3,47,-7,2,18,4
BR,Brazil,,,,,,ChIJzyjM68dZnAARYz4p8gYVWik,2021-09-11,-1,43,-9,2,18,4
BR,Brazil,,,,,,ChIJzyjM68dZnAARYz4p8gYVWik,2021-09-12,-7,36,-3,-6,14,5
BR,Brazil,,,,,,ChIJzyjM68dZnAARYz4p8gYVWik,2021-09-13,-9,36,-13,1,17,4
BR,Brazil,,,,,,ChIJzyjM68dZnAARYz4p8gYVWik,2021-09-14,-10,36,-13,-1,12,4
BR,Brazil,,,,,,ChIJzyjM68dZnAARYz4p8gYVWik,2021-09-15,-7,36,-7,-1,12,5
BR,Brazil,,,,,,ChIJzyjM68dZnAARYz4p8gYVWik,2021-09-16,-9,38,-8,-2,12,5
BR,Brazil,,,,,,ChIJzyjM68dZnAARYz4p8gYVWik,2021-09-17,-5,41,-10,2,16,4
BR,Brazil,,,,,,ChIJzyjM68dZnAARYz4p8gYVWik,2021-09-18,-2,41,-4,2,16,4
BR,Brazil,,,,,,ChIJzyjM68dZnAARYz4p8gYVWik,2021-09-19,-8,36,-4,-6,12,4
BR,Brazil,,,,,,ChIJzyjM68dZnAARYz4p8gYVWik,2021-09-20,-11,35,-10,-1,12,5
BR,Brazil,,,,,,ChIJzyjM68dZnAARYz4p8gYVWik,2021-09-21,-10,36,-14,-1,13,4
BR,Brazil,,,,,,ChIJzyjM68dZnAARYz4p8gYVWik,2021-09-22,-8,34,-8,-2,16,5
BR,Brazil,,,,,,ChIJzyjM68dZnAARYz4p8gYVWik,2021-09-23,-8,39,-5,0,17,4
BR,Brazil,,,,,,ChIJzyjM68dZnAARYz4p8gYVWik,2021-09-24,-5,42,-6,3,20,4
BR,Brazil,,,,,,ChIJzyjM68dZnAARYz4p8gYVWik,2021-09-25,-5,38,-9,0,17,4
BR,Brazil,,,,,,ChIJzyjM68dZnAARYz4p8gYVWik,2021-09-26,-9,35,-6,-5,12,5
BR,Brazil,,,,,,ChIJzyjM68dZnAARYz4p8gYVWik,2021-09-27,-11,34,-13,0,20,4
BR,Brazil,,,,,,ChIJzyjM68dZnAARYz4p8gYVWik,2021-09-28,-12,34,-13,-1,16,4
BR,Brazil,,,,,,ChIJzyjM68dZnAARYz4p8gYVWik,2021-09-29,-9,33,-8,-2,17,4
BR,Brazil,,,,,,ChIJzyjM68dZnAARYz4p8gYVWik,2021-09-30,-6,46,-5,1,18,4
BR,Brazil,,,,,,ChIJzyjM68dZnAARYz4p8gYVWik,2021-10-01,-4,48,-11,4,21,4
BR,Brazil,,,,,,ChIJzyjM68dZnAARYz4p8gYVWik,2021-10-02,0,47,-11,3,18,4
BR,Brazil,,,,,,ChIJzyjM68dZnAARYz4p8gYVWik,2021-10-03,-11,38,-20,-10,12,6
BR,Brazil,,,,,,ChIJzyjM68dZnAARYz4p8gYVWik,2021-10-04,-10,36,-20,-1,19,4
BR,Brazil,,,,,,ChIJzyjM68dZnAARYz4p8gYVWik,2021-10-05,-6,43,-15,0,16,4
BR,Brazil,,,,,,ChIJzyjM68dZnAARYz4p8gYVWik,2021-10-06,0,45,-6,3,18,3
BR,Brazil,,,,,,ChIJzyjM68dZnAARYz4p8gYVWik,2021-10-07,0,52,-5,4,18,3
BR,Brazil,,,,,,ChIJzyjM68dZnAARYz4p8gYVWik,2021-10-08,5,55,-4,10,21,2
BR,Brazil,,,,,,ChIJzyjM68dZnAARYz4p8gYVWik,2021-10-09,3,48,-13,6,15,3
BR,Brazil,,,,,,ChIJzyjM68dZnAARYz4p8gYVWik,2021-10-10,-7,39,-18,-14,10,6
BR,Brazil,,,,,,ChIJzyjM68dZnAARYz4p8gYVWik,2021-10-11,8,51,-4,-13,-11,7
BR,Brazil,,,,,,ChIJzyjM68dZnAARYz4p8gYVWik,2021-10-12,-14,17,22,-37,-59,13
BR,Brazil,,,,,,ChIJzyjM68dZnAARYz4p8gYVWik,2021-10-13,-3,39,-3,4,16,3
BR,Brazil,,,,,,ChIJzyjM68dZnAARYz4p8gYVWik,2021-10-14,-5,41,-1,2,17,4
BR,Brazil,,,,,,ChIJzyjM68dZnAARYz4p8gYVWik,2021-10-15,-3,42,-7,3,16,4
BR,Brazil,,,,,,ChIJzyjM68dZnAARYz4p8gYVWik,2021-10-16,-2,41,-14,2,19,4
BR,Brazil,,,,,,ChIJzyjM68dZnAARYz4p8gYVWik,2021-10-17,-10,35,-22,-9,12,6
BR,Brazil,,,,,,ChIJzyjM68dZnAARYz4p8gYVWik,2021-10-18,-13,27,-21,-4,17,5
BR,Brazil,,,,,,ChIJzyjM68dZnAARYz4p8gYVWik,2021-10-19,-10,36,-20,0,16,4
BR,Brazil,,,,,,ChIJzyjM68dZnAARYz4p8gYVWik,2021-10-20,-5,40,-10,1,18,4
BR,Brazil,,,,,,ChIJzyjM68dZnAARYz4p8gYVWik,2021-10-21,-4,45,-2,4,19,3
BR,Brazil,,,,,,ChIJzyjM68dZnAARYz4p8gYVWik,2021-10-22,0,44,0,7,23,3
BR,Brazil,,,,,,ChIJzyjM68dZnAARYz4p8gYVWik,2021-10-23,0,39,-5,6,19,3
BR,Brazil,,,,,,ChIJzyjM68dZnAARYz4p8gYVWik,2021-10-24,-11,33,-22,-12,12,6
BR,Brazil,,,,,,ChIJzyjM68dZnAARYz4p8gYVWik,2021-10-25,-8,37,-14,3,22,4
BR,Brazil,,,,,,ChIJzyjM68dZnAARYz4p8gYVWik,2021-10-26,-7,37,-12,3,19,3
BR,Brazil,,,,,,ChIJzyjM68dZnAARYz4p8gYVWik,2021-10-27,-5,35,-6,3,19,4
BR,Brazil,,,,,,ChIJzyjM68dZnAARYz4p8gYVWik,2021-10-28,-4,43,-4,4,19,3
BR,Brazil,,,,,,ChIJzyjM68dZnAARYz4p8gYVWik,2021-10-29,1,51,-6,8,20,3
BR,Brazil,,,,,,ChIJzyjM68dZnAARYz4p8gYVWik,2021-10-30,2,47,-9,8,18,2
BR,Brazil,,,,,,ChIJzyjM68dZnAARYz4p8gYVWik,2021-10-31,-8,39,-17,-9,12,5
BR,Brazil,,,,,,ChIJzyjM68dZnAARYz4p8gYVWik,2021-11-01,2,49,-5,-13,-10,7
BR,Brazil,,,,,,ChIJzyjM68dZnAARYz4p8gYVWik,2021-11-02,-28,13,9,-40,-61,15
BR,Brazil,,,,,,ChIJzyjM68dZnAARYz4p8gYVWik,2021-11-03,-3,42,-5,9,21,2
BR,Brazil,,,,,,ChIJzyjM68dZnAARYz4p8gYVWik,2021-11-04,-2,46,-1,8,22,2
BR,Brazil,,,,,,ChIJzyjM68dZnAARYz4p8gYVWik,2021-11-05,4,52,-1,12,26,2
BR,Brazil,,,,,,ChIJzyjM68dZnAARYz4p8gYVWik,2021-11-06,6,48,-7,10,21,3
BR,Brazil,,,,,,ChIJzyjM68dZnAARYz4p8gYVWik,2021-11-07,1,45,-6,0,16,4
BR,Brazil,,,,,,ChIJzyjM68dZnAARYz4p8gYVWik,2021-11-08,-1,45,-12,10,25,2
BR,Brazil,,,,,,ChIJzyjM68dZnAARYz4p8gYVWik,2021-11-09,-2,44,-12,8,21,2
BR,Brazil,,,,,,ChIJzyjM68dZnAARYz4p8gYVWik,2021-11-10,1,43,-4,9,22,2
BR,Brazil,,,,,,ChIJzyjM68dZnAARYz4p8gYVWik,2021-11-11,-3,42,-8,7,22,2
BR,Brazil,,,,,,ChIJzyjM68dZnAARYz4p8gYVWik,2021-11-12,2,48,-7,12,24,2
BR,Brazil,,,,,,ChIJzyjM68dZnAARYz4p8gYVWik,2021-11-13,6,47,1,13,17,2
BR,Brazil,,,,,,ChIJzyjM68dZnAARYz4p8gYVWik,2021-11-14,5,46,18,1,12,3
BR,Brazil,,,,,,ChIJzyjM68dZnAARYz4p8gYVWik,2021-11-15,-21,12,32,-32,-58,12
BR,Brazil,,,,,,ChIJzyjM68dZnAARYz4p8gYVWik,2021-11-16,-4,41,-10,10,20,1
BR,Brazil,,,,,,ChIJzyjM68dZnAARYz4p8gYVWik,2021-11-17,-1,39,-2,9,22,3
BR,Brazil,,,,,,ChIJzyjM68dZnAARYz4p8gYVWik,2021-11-18,-6,38,-8,7,22,3
BR,Brazil,,,,,,ChIJzyjM68dZnAARYz4p8gYVWik,2021-11-19,0,44,-10,9,25,3
BR,Brazil,,,,,,ChIJzyjM68dZnAARYz4p8gYVWik,2021-11-20,3,43,-12,4,16,4
BR,Brazil,,,,,,ChIJzyjM68dZnAARYz4p8gYVWik,2021-11-21,2,44,-6,1,16,4
BR,Brazil,,,,,,ChIJzyjM68dZnAARYz4p8gYVWik,2021-11-22,-2,41,-7,10,26,2
BR,Brazil,,,,,,ChIJzyjM68dZnAARYz4p8gYVWik,2021-11-23,-2,40,-5,8,22,2
BR,Brazil,,,,,,ChIJzyjM68dZnAARYz4p8gYVWik,2021-11-24,0,39,1,9,23,2
BR,Brazil,,,,,,ChIJzyjM68dZnAARYz4p8gYVWik,2021-11-25,1,46,4,10,23,2
BR,Brazil,,,,,,ChIJzyjM68dZnAARYz4p8gYVWik,2021-11-26,7,57,-3,12,26,1
BR,Brazil,,,,,,ChIJzyjM68dZnAARYz4p8gYVWik,2021-11-27,5,44,-5,10,21,2
BR,Brazil,,,,,,ChIJzyjM68dZnAARYz4p8gYVWik,2021-11-28,2,44,-4,3,16,3
BR,Brazil,,,,,,ChIJzyjM68dZnAARYz4p8gYVWik,2021-11-29,-3,39,-7,8,26,3
BR,Brazil,,,,,,ChIJzyjM68dZnAARYz4p8gYVWik,2021-11-30,1,48,-9,7,20,2
BR,Brazil,,,,,,ChIJzyjM68dZnAARYz4p8gYVWik,2021-12-01,5,50,1,10,22,2
BR,Brazil,,,,,,ChIJzyjM68dZnAARYz4p8gYVWik,2021-12-02,5,52,6,10,23,1
BR,Brazil,,,,,,ChIJzyjM68dZnAARYz4p8gYVWik,2021-12-03,7,53,3,13,26,1
BR,Brazil,,,,,,ChIJzyjM68dZnAARYz4p8gYVWik,2021-12-04,12,52,6,17,22,1
BR,Brazil,,,,,,ChIJzyjM68dZnAARYz4p8gYVWik,2021-12-05,6,48,1,7,17,3
BR,Brazil,,,,,,ChIJzyjM68dZnAARYz4p8gYVWik,2021-12-06,2,47,-11,9,25,2
BR,Brazil,,,,,,ChIJzyjM68dZnAARYz4p8gYVWik,2021-12-07,4,50,-10,7,22,2
BR,Brazil,,,,,,ChIJzyjM68dZnAARYz4p8gYVWik,2021-12-08,7,46,2,4,11,4
BR,Brazil,,,,,,ChIJzyjM68dZnAARYz4p8gYVWik,2021-12-09,9,54,7,13,25,1
BR,Brazil,,,,,,ChIJzyjM68dZnAARYz4p8gYVWik,2021-12-10,12,54,10,16,28,1
BR,Brazil,,,,,,ChIJzyjM68dZnAARYz4p8gYVWik,2021-12-11,14,50,12,20,27,0
BR,Brazil,,,,,,ChIJzyjM68dZnAARYz4p8gYVWik,2021-12-12,9,47,5,10,23,2
BR,Brazil,,,,,,ChIJzyjM68dZnAARYz4p8gYVWik,2021-12-13,3,42,-8,8,25,3
BR,Brazil,,,,,,ChIJzyjM68dZnAARYz4p8gYVWik,2021-12-14,4,44,-9,7,20,3
BR,Brazil,,,,,,ChIJzyjM68dZnAARYz4p8gYVWik,2021-12-15,11,45,1,9,20,3
BR,Brazil,,,,,,ChIJzyjM68dZnAARYz4p8gYVWik,2021-12-16,14,53,9,11,20,1
BR,Brazil,,,,,,ChIJzyjM68dZnAARYz4p8gYVWik,2021-12-17,13,52,3,13,22,1
BR,Brazil,,,,,,ChIJzyjM68dZnAARYz4p8gYVWik,2021-12-18,18,52,1,20,26,0
BR,Brazil,,,,,,ChIJzyjM68dZnAARYz4p8gYVWik,2021-12-19,22,57,3,13,30,2
BR,Brazil,,,,,,ChIJzyjM68dZnAARYz4p8gYVWik,2021-12-20,23,61,8,12,16,2
BR,Brazil,,,,,,ChIJzyjM68dZnAARYz4p8gYVWik,2021-12-21,23,63,11,11,9,2
BR,Brazil,,,,,,ChIJzyjM68dZnAARYz4p8gYVWik,2021-12-22,27,68,21,11,7,2
BR,Brazil,,,,,,ChIJzyjM68dZnAARYz4p8gYVWik,2021-12-23,30,97,27,13,0,1
BR,Brazil,,,,,,ChIJzyjM68dZnAARYz4p8gYVWik,2021-12-24,-3,95,11,-14,-34,6
BR,Brazil,,,,,,ChIJzyjM68dZnAARYz4p8gYVWik,2021-12-25,-57,-43,4,-42,-54,5
BR,Brazil,,,,,,ChIJzyjM68dZnAARYz4p8gYVWik,2021-12-26,-7,36,13,-4,7,3
BR,Brazil,,,,,,ChIJzyjM68dZnAARYz4p8gYVWik,2021-12-27,1,44,14,-6,-8,7
BR,Brazil,,,,,,ChIJzyjM68dZnAARYz4p8gYVWik,2021-12-28,2,48,22,-7,-11,7
BR,Brazil,,,,,,ChIJzyjM68dZnAARYz4p8gYVWik,2021-12-29,7,54,38,-5,-11,6
BR,Brazil,,,,,,ChIJzyjM68dZnAARYz4p8gYVWik,2021-12-30,8,79,42,-5,-15,5
BR,Brazil,,,,,,ChIJzyjM68dZnAARYz4p8gYVWik,2021-12-31,-18,85,55,-25,-44,9
BR,Brazil,,,,,,ChIJzyjM68dZnAARYz4p8gYVWik,2022-01-01,-56,-46,39,-46,-57,6
BR,Brazil,,,,,,ChIJzyjM68dZnAARYz4p8gYVWik,2022-01-02,-14,34,20,-8,2,4
BR,Brazil,,,,,,ChIJzyjM68dZnAARYz4p8gYVWik,2022-01-03,-9,43,13,-5,-5,7
BR,Brazil,,,,,,ChIJzyjM68dZnAARYz4p8gYVWik,2022-01-04,-9,43,5,-6,-4,7
BR,Brazil,,,,,,ChIJzyjM68dZnAARYz4p8gYVWik,2022-01-05,-7,43,12,-5,-1,7
BR,Brazil,,,,,,ChIJzyjM68dZnAARYz4p8gYVWik,2022-01-06,-8,47,12,-6,-1,7
BR,Brazil,,,,,,ChIJzyjM68dZnAARYz4p8gYVWik,2022-01-07,-6,50,1,-5,3,7
BR,Brazil,,,,,,ChIJzyjM68dZnAARYz4p8gYVWik,2022-01-08,-8,41,-12,-6,12,7
BR,Brazil,,,,,,ChIJzyjM68dZnAARYz4p8gYVWik,2022-01-09,-16,35,-19,-15,12,8
BR,Brazil,,,,,,ChIJzyjM68dZnAARYz4p8gYVWik,2022-01-10,-5,47,-6,-2,6,6
BR,Brazil,,,,,,ChIJzyjM68dZnAARYz4p8gYVWik,2022-01-11,-9,41,-5,-6,2,6
BR,Brazil,,,,,,ChIJzyjM68dZnAARYz4p8gYVWik,2022-01-12,-7,39,8,-5,3,7
BR,Brazil,,,,,,ChIJzyjM68dZnAARYz4p8gYVWik,2022-01-13,-8,42,11,-5,3,6
BR,Brazil,,,,,,ChIJzyjM68dZnAARYz4p8gYVWik,2022-01-14,-7,43,8,-3,6,6
BR,Brazil,,,,,,ChIJzyjM68dZnAARYz4p8gYVWik,2022-01-15,-8,37,1,-2,14,5
BR,Brazil,,,,,,ChIJzyjM68dZnAARYz4p8gYVWik,2022-01-16,-12,36,2,-9,13,5
BR,Brazil,,,,,,ChIJzyjM68dZnAARYz4p8gYVWik,2022-01-17,-8,40,1,-3,6,5
BR,Brazil,,,,,,ChIJzyjM68dZnAARYz4p8gYVWik,2022-01-18,-9,39,3,-4,3,6
BR,Brazil,,,,,,ChIJzyjM68dZnAARYz4p8gYVWik,2022-01-19,-4,39,11,-4,4,6
BR,Brazil,,,,,,ChIJzyjM68dZnAARYz4p8gYVWik,2022-01-20,-6,44,20,-6,0,6
BR,Brazil,,,,,,ChIJzyjM68dZnAARYz4p8gYVWik,2022-01-21,-3,47,12,-1,7,6
BR,Brazil,,,,,,ChIJzyjM68dZnAARYz4p8gYVWik,2022-01-22,-5,40,10,0,15,4
BR,Brazil,,,,,,ChIJzyjM68dZnAARYz4p8gYVWik,2022-01-23,-8,38,8,-5,14,4
BR,Brazil,,,,,,ChIJzyjM68dZnAARYz4p8gYVWik,2022-01-24,-7,39,1,-3,9,5
BR,Brazil,,,,,,ChIJzyjM68dZnAARYz4p8gYVWik,2022-01-25,-7,40,2,-7,2,6
BR,Brazil,,,,,,ChIJzyjM68dZnAARYz4p8gYVWik,2022-01-26,-6,37,5,-2,7,6
BR,Brazil,,,,,,ChIJzyjM68dZnAARYz4p8gYVWik,2022-01-27,-7,41,3,-2,8,5
BR,Brazil,,,,,,ChIJzyjM68dZnAARYz4p8gYVWik,2022-01-28,-6,43,-8,-1,12,6
BR,Brazil,,,,,,ChIJzyjM68dZnAARYz4p8gYVWik,2022-01-29,-7,38,-19,-5,17,6
BR,Brazil,,,,,,ChIJzyjM68dZnAARYz4p8gYVWik,2022-01-30,-13,35,-22,-13,14,6
BR,Brazil,,,,,,ChIJzyjM68dZnAARYz4p8gYVWik,2022-01-31,-6,43,-14,-1,14,5
BR,Brazil,,,,,,ChIJzyjM68dZnAARYz4p8gYVWik,2022-02-01,-3,48,-10,1,11,4
BR,Brazil,,,,,,ChIJzyjM68dZnAARYz4p8gYVWik,2022-02-02,-2,44,0,1,12,5
BR,Brazil,,,,,,ChIJzyjM68dZnAARYz4p8gYVWik,2022-02-03,-2,49,3,4,16,4
BR,Brazil,,,,,,ChIJzyjM68dZnAARYz4p8gYVWik,2022-02-04,4,54,-1,8,20,3
BR,Brazil,,,,,,ChIJzyjM68dZnAARYz4p8gYVWik,2022-02-05,7,53,-4,7,21,3
BR,Brazil,,,,,,ChIJzyjM68dZnAARYz4p8gYVWik,2022-02-06,-1,48,-7,-2,19,4
BR,Brazil,,,,,,ChIJzyjM68dZnAARYz4p8gYVWik,2022-02-07,1,50,-9,7,21,2
BR,Brazil,,,,,,ChIJzyjM68dZnAARYz4p8gYVWik,2022-02-08,0,50,-8,7,17,2
BR,Brazil,,,,,,ChIJzyjM68dZnAARYz4p8gYVWik,2022-02-09,2,46,1,8,18,3
BR,Brazil,,,,,,ChIJzyjM68dZnAARYz4p8gYVWik,2022-02-10,2,51,5,9,19,2
BR,Brazil,,,,,,ChIJzyjM68dZnAARYz4p8gYVWik,2022-02-11,3,49,1,11,23,2
BR,Brazil,,,,,,ChIJzyjM68dZnAARYz4p8gYVWik,2022-02-12,3,45,-5,6,21,3
BR,Brazil,,,,,,ChIJzyjM68dZnAARYz4p8gYVWik,2022-02-13,-1,44,-3,0,20,3
BR,Brazil,,,,,,ChIJzyjM68dZnAARYz4p8gYVWik,2022-02-14,-2,43,-4,10,24,2
BR,Brazil,,,,,,ChIJzyjM68dZnAARYz4p8gYVWik,2022-02-15,-2,45,-5,9,20,2
BR,Brazil,,,,,,ChIJzyjM68dZnAARYz4p8gYVWik,2022-02-16,0,43,4,9,21,2
BR,Brazil,,,,,,ChIJzyjM68dZnAARYz4p8gYVWik,2022-02-17,-1,45,4,9,22,1
BR,Brazil,,,,,,ChIJzyjM68dZnAARYz4p8gYVWik,2022-02-18,2,48,0,10,27,1
BR,Brazil,,,,,,ChIJzyjM68dZnAARYz4p8gYVWik,2022-02-19,3,45,-2,5,23,2
BR,Brazil,,,,,,ChIJzyjM68dZnAARYz4p8gYVWik,2022-02-20,-2,44,-3,-2,21,3
BR,Brazil,,,,,,ChIJzyjM68dZnAARYz4p8gYVWik,2022-02-21,-4,42,-7,9,27,1
BR,Brazil,,,,,,ChIJzyjM68dZnAARYz4p8gYVWik,2022-02-22,-3,43,-4,9,24,1
BR,Brazil,,,,,,ChIJzyjM68dZnAARYz4p8gYVWik,2022-02-23,-1,41,5,8,25,1
BR,Brazil,,,,,,ChIJzyjM68dZnAARYz4p8gYVWik,2022-02-24,-1,47,9,9,26,0
BR,Brazil,,,,,,ChIJzyjM68dZnAARYz4p8gYVWik,2022-02-25,3,56,10,12,29,0
BR,Brazil,,,,,,ChIJzyjM68dZnAARYz4p8gYVWik,2022-02-26,1,51,21,7,19,0
BR,Brazil,,,,,,ChIJzyjM68dZnAARYz4p8gYVWik,2022-02-27,0,48,40,-5,17,0
BR,Brazil,,,,,,ChIJzyjM68dZnAARYz4p8gYVWik,2022-02-28,-9,37,60,-23,-26,6
BR,Brazil,,,,,,ChIJzyjM68dZnAARYz4p8gYVWik,2022-03-01,-25,15,42,-34,-44,9
BR,Brazil,,,,,,ChIJzyjM68dZnAARYz4p8gYVWik,2022-03-02,-9,37,13,-9,1,5
BR,Brazil,,,,,,ChIJzyjM68dZnAARYz4p8gYVWik,2022-03-03,-5,48,11,4,23,1
BR,Brazil,,,,,,ChIJzyjM68dZnAARYz4p8gYVWik,2022-03-04,0,50,4,4,28,2
BR,Brazil,,,,,,ChIJzyjM68dZnAARYz4p8gYVWik,2022-03-05,5,51,2,1,25,2
BR,Brazil,,,,,,ChIJzyjM68dZnAARYz4p8gYVWik,2022-03-06,-1,47,1,-6,23,3
BR,Brazil,,,,,,ChIJzyjM68dZnAARYz4p8gYVWik,2022-03-07,-2,47,-2,8,31,1
BR,Brazil,,,,,,ChIJzyjM68dZnAARYz4p8gYVWik,2022-03-08,2,50,3,7,27,1
BR,Brazil,,,,,,ChIJzyjM68dZnAARYz4p8gYVWik,2022-03-09,-1,44,9,5,28,2
BR,Brazil,,,,,,ChIJzyjM68dZnAARYz4p8gYVWik,2022-03-10,-2,47,12,5,30,2
BR,Brazil,,,,,,ChIJzyjM68dZnAARYz4p8gYVWik,2022-03-11,-2,44,5,5,33,2
BR,Brazil,,,,,,ChIJzyjM68dZnAARYz4p8gYVWik,2022-03-12,2,44,-2,-1,25,4
BR,Brazil,,,,,,ChIJzyjM68dZnAARYz4p8gYVWik,2022-03-13,-5,41,-6,-8,22,5
BR,Brazil,,,,,,ChIJzyjM68dZnAARYz4p8gYVWik,2022-03-14,-9,35,-6,4,34,3
BR,Brazil,,,,,,ChIJzyjM68dZnAARYz4p8gYVWik,2022-03-15,-7,39,-4,5,29,3
BR,Brazil,,,,,,ChIJzyjM68dZnAARYz4p8gYVWik,2022-03-16,-5,37,5,4,29,3
BR,Brazil,,,,,,ChIJzyjM68dZnAARYz4p8gYVWik,2022-03-17,-4,42,13,5,30,2
BR,Brazil,,,,,,ChIJzyjM68dZnAARYz4p8gYVWik,2022-03-18,-1,44,10,7,34,2
BR,Brazil,,,,,,ChIJzyjM68dZnAARYz4p8gYVWik,2022-03-19,2,43,4,0,22,3
BR,Brazil,,,,,,ChIJzyjM68dZnAARYz4p8gYVWik,2022-03-20,-6,42,-6,-9,20,5
BR,Brazil,,,,,,ChIJzyjM68dZnAARYz4p8gYVWik,2022-03-21,-9,38,-9,4,35,3
BR,Brazil,,,,,,ChIJzyjM68dZnAARYz4p8gYVWik,2022-03-22,-8,39,-4,4,30,3
BR,Brazil,,,,,,ChIJzyjM68dZnAARYz4p8gYVWik,2022-03-23,-5,36,4,4,31,3
BR,Brazil,,,,,,ChIJzyjM68dZnAARYz4p8gYVWik,2022-03-24,-6,40,8,5,32,2
BR,Brazil,,,,,,ChIJzyjM68dZnAARYz4p8gYVWik,2022-03-25,-3,43,8,5,34,2
BR,Brazil,,,,,,ChIJzyjM68dZnAARYz4p8gYVWik,2022-03-26,0,42,5,-1,25,3
BR,Brazil,,,,,,ChIJzyjM68dZnAARYz4p8gYVWik,2022-03-27,-6,41,-1,-7,20,4
BR,Brazil,,,,,,ChIJzyjM68dZnAARYz4p8gYVWik,2022-03-28,-11,34,-5,4,37,3
BR,Brazil,,,,,,ChIJzyjM68dZnAARYz4p8gYVWik,2022-03-29,-9,37,-3,2,32,2
BR,Brazil,,,,,,ChIJzyjM68dZnAARYz4p8gYVWik,2022-03-30,-6,38,4,3,33,2
BR,Brazil,,,,,,ChIJzyjM68dZnAARYz4p8gYVWik,2022-03-31,-6,47,3,3,34,2
BR,Brazil,,,,,,ChIJzyjM68dZnAARYz4p8gYVWik,2022-04-01,-3,49,-3,4,38,1
BR,Brazil,,,,,,ChIJzyjM68dZnAARYz4p8gYVWik,2022-04-02,2,49,-8,-4,24,3
BR,Brazil,,,,,,ChIJzyjM68dZnAARYz4p8gYVWik,2022-04-03,-4,48,-11,-9,21,4
BR,Brazil,,,,,,ChIJzyjM68dZnAARYz4p8gYVWik,2022-04-04,-7,40,-5,6,38,2
BR,Brazil,,,,,,ChIJzyjM68dZnAARYz4p8gYVWik,2022-04-05,-5,44,-3,5,33,1
BR,Brazil,,,,,,ChIJzyjM68dZnAARYz4p8gYVWik,2022-04-06,0,46,7,6,34,1
BR,Brazil,,,,,,ChIJzyjM68dZnAARYz4p8gYVWik,2022-04-07,2,54,12,9,35,1
BR,Brazil,,,,,,ChIJzyjM68dZnAARYz4p8gYVWik,2022-04-08,5,54,7,11,38,1
BR,Brazil,,,,,,ChIJzyjM68dZnAARYz4p8gYVWik,2022-04-09,11,55,5,8,28,2
BR,Brazil,,,,,,ChIJzyjM68dZnAARYz4p8gYVWik,2022-04-10,6,57,7,1,23,3
BR,Brazil,,,,,,ChIJzyjM68dZnAARYz4p8gYVWik,2022-04-11,-2,48,-2,10,40,2
BR,Brazil,,,,,,ChIJzyjM68dZnAARYz4p8gYVWik,2022-04-12,-2,47,-1,8,34,2
BR,Brazil,,,,,,ChIJzyjM68dZnAARYz4p8gYVWik,2022-04-13,4,50,11,9,33,2
BR,Brazil,,,,,,ChIJzyjM68dZnAARYz4p8gYVWik,2022-04-14,11,74,23,9,16,1
BR,Brazil,,,,,,ChIJzyjM68dZnAARYz4p8gYVWik,2022-04-15,-34,17,28,-41,-61,16
BR,Brazil,,,,,,ChIJzyjM68dZnAARYz4p8gYVWik,2022-04-16,0,53,15,-10,6,5
BR,Brazil,,,,,,ChIJzyjM68dZnAARYz4p8gYVWik,2022-04-17,-11,39,-3,-3,19,1
BR,Brazil,,,,,,ChIJzyjM68dZnAARYz4p8gYVWik,2022-04-18,-7,37,-4,8,36,3
BR,Brazil,,,,,,ChIJzyjM68dZnAARYz4p8gYVWik,2022-04-19,-6,38,-1,6,32,2
BR,Brazil,,,,,,ChIJzyjM68dZnAARYz4p8gYVWik,2022-04-20,6,48,15,9,31,0
BR,Brazil,,,,,,ChIJzyjM68dZnAARYz4p8gYVWik,2022-04-21,-18,25,42,-34,-46,14
BR,Brazil,,,,,,ChIJzyjM68dZnAARYz4p8gYVWik,2022-04-22,0,48,24,-10,2,7
BR,Brazil,,,,,,ChIJzyjM68dZnAARYz4p8gYVWik,2022-04-23,-3,39,14,-4,18,4
BR,Brazil,,,,,,ChIJzyjM68dZnAARYz4p8gYVWik,2022-04-24,-2,44,10,0,22,3
BR,Brazil,,,,,,ChIJzyjM68dZnAARYz4p8gYVWik,2022-04-25,-8,40,-4,9,39,3
BR,Brazil,,,,,,ChIJzyjM68dZnAARYz4p8gYVWik,2022-04-26,-7,41,-3,9,36,2
BR,Brazil,,,,,,ChIJzyjM68dZnAARYz4p8gYVWik,2022-04-27,-4,39,7,8,36,2
BR,Brazil,,,,,,ChIJzyjM68dZnAARYz4p8gYVWik,2022-04-28,-5,44,9,8,37,2
BR,Brazil,,,,,,ChIJzyjM68dZnAARYz4p8gYVWik,2022-04-29,0,51,4,9,40,1
BR,Brazil,,,,,,ChIJzyjM68dZnAARYz4p8gYVWik,2022-04-30,4,53,-6,0,29,3
BR,Brazil,,,,,,ChIJzyjM68dZnAARYz4p8gYVWik,2022-05-01,0,45,3,-3,21,4
BR,Brazil,,,,,,ChIJzyjM68dZnAARYz4p8gYVWik,2022-05-02,-5,48,-7,9,41,2
BR,Brazil,,,,,,ChIJzyjM68dZnAARYz4p8gYVWik,2022-05-03,-5,46,-8,8,35,2
BR,Brazil,,,,,,ChIJzyjM68dZnAARYz4p8gYVWik,2022-05-04,-1,44,-3,6,36,2
BR,Brazil,,,,,,ChIJzyjM68dZnAARYz4p8gYVWik,2022-05-05,3,55,6,9,38,1
BR,Brazil,,,,,,ChIJzyjM68dZnAARYz4p8gYVWik,2022-05-06,12,63,6,12,41,0
BR,Brazil,,,,,,ChIJzyjM68dZnAARYz4p8gYVWik,2022-05-07,23,74,1,10,29,1
BR,Brazil,,,,,,ChIJzyjM68dZnAARYz4p8gYVWik,2022-05-08,12,71,-6,3,31,0
BR,Brazil,,,,,,ChIJzyjM68dZnAARYz4p8gYVWik,2022-05-09,-2,48,-5,10,41,2
BR,Brazil,,,,,,ChIJzyjM68dZnAARYz4p8gYVWik,2022-05-10,-2,48,-5,9,36,2
BR,Brazil,,,,,,ChIJzyjM68dZnAARYz4p8gYVWik,2022-05-11,-1,44,3,8,36,2
BR,Brazil,,,,,,ChIJzyjM68dZnAARYz4p8gYVWik,2022-05-12,-2,48,8,8,37,1
BR,Brazil,,,,,,ChIJzyjM68dZnAARYz4p8gYVWik,2022-05-13,2,49,7,9,40,1
BR,Brazil,,,,,,ChIJzyjM68dZnAARYz4p8gYVWik,2022-05-14,7,49,0,4,27,3
BR,Brazil,,,,,,ChIJzyjM68dZnAARYz4p8gYVWik,2022-05-15,-2,48,-9,-5,21,5
BR,Brazil,,,,,,ChIJzyjM68dZnAARYz4p8gYVWik,2022-05-16,-6,43,-7,8,41,2
BR,Brazil,,,,,,ChIJzyjM68dZnAARYz4p8gYVWik,2022-05-17,-7,42,-8,6,36,3
BR,Brazil,,,,,,ChIJzyjM68dZnAARYz4p8gYVWik,2022-05-18,-6,40,-2,3,35,4
BR,Brazil,,,,,,ChIJzyjM68dZnAARYz4p8gYVWik,2022-05-19,-5,46,2,5,36,3
BR,Brazil,,,,,,ChIJzyjM68dZnAARYz4p8gYVWik,2022-05-20,-1,51,0,7,40,2
BR,Brazil,,,,,,ChIJzyjM68dZnAARYz4p8gYVWik,2022-05-21,5,51,-2,2,26,3
BR,Brazil,,,,,,ChIJzyjM68dZnAARYz4p8gYVWik,2022-05-22,-2,51,-3,-6,22,5
BR,Brazil,,,,,,ChIJzyjM68dZnAARYz4p8gYVWik,2022-05-23,-7,42,-7,7,42,3
BR,Brazil,,,,,,ChIJzyjM68dZnAARYz4p8gYVWik,2022-05-24,-7,42,-5,6,36,3
BR,Brazil,,,,,,ChIJzyjM68dZnAARYz4p8gYVWik,2022-05-25,-4,42,3,6,36,3
BR,Brazil,,,,,,ChIJzyjM68dZnAARYz4p8gYVWik,2022-05-26,-5,46,7,7,37,2
BR,Brazil,,,,,,ChIJzyjM68dZnAARYz4p8gYVWik,2022-05-27,-2,49,2,8,40,2
BR,Brazil,,,,,,ChIJzyjM68dZnAARYz4p8gYVWik,2022-05-28,0,47,-4,1,26,3
BR,Brazil,,,,,,ChIJzyjM68dZnAARYz4p8gYVWik,2022-05-29,-5,48,-7,-5,22,5
BR,Brazil,,,,,,ChIJzyjM68dZnAARYz4p8gYVWik,2022-05-30,-10,42,-11,5,42,3
BR,Brazil,,,,,,ChIJzyjM68dZnAARYz4p8gYVWik,2022-05-31,-8,48,-11,4,37,3
BR,Brazil,,,,,,ChIJzyjM68dZnAARYz4p8gYVWik,2022-06-01,-4,49,-1,5,37,3
BR,Brazil,,,,,,ChIJzyjM68dZnAARYz4p8gYVWik,2022-06-02,-4,53,1,6,38,3
BR,Brazil,,,,,,ChIJzyjM68dZnAARYz4p8gYVWik,2022-06-03,0,55,0,7,41,2
BR,Brazil,,,,,,ChIJzyjM68dZnAARYz4p8gYVWik,2022-06-04,6,57,-7,1,27,3
BR,Brazil,,,,,,ChIJzyjM68dZnAARYz4p8gYVWik,2022-06-05,-1,56,-9,-5,22,5
BR,Brazil,,,,,,ChIJzyjM68dZnAARYz4p8gYVWik,2022-06-06,-3,51,-7,9,43,3
BR,Brazil,,,,,,ChIJzyjM68dZnAARYz4p8gYVWik,2022-06-07,-1,54,-5,8,37,3
BR,Brazil,,,,,,ChIJzyjM68dZnAARYz4p8gYVWik,2022-06-08,2,51,4,8,37,3
BR,Brazil,,,,,,ChIJzyjM68dZnAARYz4p8gYVWik,2022-06-09,0,53,6,8,38,3
BR,Brazil,,,,,,ChIJzyjM68dZnAARYz4p8gYVWik,2022-06-10,4,55,2,9,41,2
BR,Brazil,,,,,,ChIJzyjM68dZnAARYz4p8gYVWik,2022-06-11,10,55,-5,4,30,3
BR,Brazil,,,,,,ChIJzyjM68dZnAARYz4p8gYVWik,2022-06-12,13,57,0,-3,23,5
BR,Brazil,,,,,,ChIJzyjM68dZnAARYz4p8gYVWik,2022-06-13,-5,44,-3,7,38,3
BR,Brazil,,,,,,ChIJzyjM68dZnAARYz4p8gYVWik,2022-06-14,-6,44,-6,3,36,3
BR,Brazil,,,,,,ChIJzyjM68dZnAARYz4p8gYVWik,2022-06-15,7,53,12,11,36,1
BR,Brazil,,,,,,ChIJzyjM68dZnAARYz4p8gYVWik,2022-06-16,-16,31,36,-30,-43,14
BR,Brazil,,,,,,ChIJzyjM68dZnAARYz4p8gYVWik,2022-06-17,1,54,15,-8,3,8
BR,Brazil,,,,,,ChIJzyjM68dZnAARYz4p8gYVWik,2022-06-18,-1,46,3,-5,20,5
BR,Brazil,,,,,,ChIJzyjM68dZnAARYz4p8gYVWik,2022-06-19,-7,44,-7,-5,20,5
BR,Brazil,,,,,,ChIJzyjM68dZnAARYz4p8gYVWik,2022-06-20,-6,48,-5,9,41,3
BR,Brazil,,,,,,ChIJzyjM68dZnAARYz4p8gYVWik,2022-06-21,-6,47,-3,6,36,3
BR,Brazil,,,,,,ChIJzyjM68dZnAARYz4p8gYVWik,2022-06-22,-4,45,6,6,35,3
BR,Brazil,,,,,,ChIJzyjM68dZnAARYz4p8gYVWik,2022-06-23,-3,53,18,6,33,3
BR,Brazil,,,,,,ChIJzyjM68dZnAARYz4p8gYVWik,2022-06-24,-5,44,13,2,27,4
BR,Brazil,,,,,,ChIJzyjM68dZnAARYz4p8gYVWik,2022-06-25,-1,48,3,0,26,4
BR,Brazil,,,,,,ChIJzyjM68dZnAARYz4p8gYVWik,2022-06-26,-8,45,-9,-10,21,6
BR,Brazil,,,,,,ChIJzyjM68dZnAARYz4p8gYVWik,2022-06-27,-9,42,-6,5,39,4
BR,Brazil,,,,,,ChIJzyjM68dZnAARYz4p8gYVWik,2022-06-28,-7,44,-2,5,34,4
BR,Brazil,,,,,,ChIJzyjM68dZnAARYz4p8gYVWik,2022-06-29,-6,41,6,0,30,5
BR,Brazil,,,,,,ChIJzyjM68dZnAARYz4p8gYVWik,2022-06-30,-1,56,11,6,34,3
BR,Brazil,,,,,,ChIJzyjM68dZnAARYz4p8gYVWik,2022-07-01,2,59,8,8,35,3
BR,Brazil,,,,,,ChIJzyjM68dZnAARYz4p8gYVWik,2022-07-02,4,56,5,4,26,4
BR,Brazil,,,,,,ChIJzyjM68dZnAARYz4p8gYVWik,2022-07-03,0,56,3,-2,22,5
BR,Brazil,,,,,,ChIJzyjM68dZnAARYz4p8gYVWik,2022-07-04,-5,49,-3,6,33,4
BR,Brazil,,,,,,ChIJzyjM68dZnAARYz4p8gYVWik,2022-07-05,-2,51,1,6,29,4
BR,Brazil,,,,,,ChIJzyjM68dZnAARYz4p8gYVWik,2022-07-06,4,54,12,7,29,4
BR,Brazil,,,,,,ChIJzyjM68dZnAARYz4p8gYVWik,2022-07-07,5,60,16,8,29,3
BR,Brazil,,,,,,ChIJzyjM68dZnAARYz4p8gYVWik,2022-07-08,6,59,13,10,31,3
BR,Brazil,,,,,,ChIJzyjM68dZnAARYz4p8gYVWik,2022-07-09,8,56,14,6,20,3
BR,Brazil,,,,,,ChIJzyjM68dZnAARYz4p8gYVWik,2022-07-10,6,58,14,3,22,3
BR,Brazil,,,,,,ChIJzyjM68dZnAARYz4p8gYVWik,2022-07-11,0,50,5,7,27,4
BR,Brazil,,,,,,ChIJzyjM68dZnAARYz4p8gYVWik,2022-07-12,-2,46,4,5,23,4
BR,Brazil,,,,,,ChIJzyjM68dZnAARYz4p8gYVWik,2022-07-13,0,44,10,3,23,5
BR,Brazil,,,,,,ChIJzyjM68dZnAARYz4p8gYVWik,2022-07-14,-1,47,16,5,23,5
BR,Brazil,,,,,,ChIJzyjM68dZnAARYz4p8gYVWik,2022-07-15,1,46,17,5,25,5
BR,Brazil,,,,,,ChIJzyjM68dZnAARYz4p8gYVWik,2022-07-16,4,49,15,6,23,3
BR,Brazil,,,,,,ChIJzyjM68dZnAARYz4p8gYVWik,2022-07-17,2,51,13,0,21,4
BR,Brazil,,,,,,ChIJzyjM68dZnAARYz4p8gYVWik,2022-07-18,-4,43,6,4,23,9
BR,Brazil,,,,,,ChIJzyjM68dZnAARYz4p8gYVWik,2022-07-19,-3,43,8,4,19,10
BR,Brazil,,,,,,ChIJzyjM68dZnAARYz4p8gYVWik,2022-07-20,2,46,18,5,20,5
BR,Brazil,,,,,,ChIJzyjM68dZnAARYz4p8gYVWik,2022-07-21,1,50,25,6,21,4
BR,Brazil,,,,,,ChIJzyjM68dZnAARYz4p8gYVWik,2022-07-22,3,51,25,7,25,4
BR,Brazil,,,,,,ChIJzyjM68dZnAARYz4p8gYVWik,2022-07-23,5,50,24,6,25,4
BR,Brazil,,,,,,ChIJzyjM68dZnAARYz4p8gYVWik,2022-07-24,1,47,20,0,20,5
BR,Brazil,,,,,,ChIJzyjM68dZnAARYz4p8gYVWik,2022-07-25,-4,45,8,5,27,5
BR,Brazil,,,,,,ChIJzyjM68dZnAARYz4p8gYVWik,2022-07-26,-3,45,10,5,25,4
BR,Brazil,,,,,,ChIJzyjM68dZnAARYz4p8gYVWik,2022-07-27,1,46,20,6,28,4
BR,Brazil,,,,,,ChIJzyjM68dZnAARYz4p8gYVWik,2022-07-28,1,51,23,7,28,4
BR,Brazil,,,,,,ChIJzyjM68dZnAARYz4p8gYVWik,2022-07-29,3,57,13,6,31,4
BR,Brazil,,,,,,ChIJzyjM68dZnAARYz4p8gYVWik,2022-07-30,7,57,11,4,27,4
BR,Brazil,,,,,,ChIJzyjM68dZnAARYz4p8gYVWik,2022-07-31,5,59,13,0,25,4
BR,Brazil,,,,,,ChIJzyjM68dZnAARYz4p8gYVWik,2022-08-01,-1,55,2,10,40,3
BR,Brazil,,,,,,ChIJzyjM68dZnAARYz4p8gYVWik,2022-08-02,-2,53,0,9,37,3
BR,Brazil,,,,,,ChIJzyjM68dZnAARYz4p8gYVWik,2022-08-03,1,50,9,9,38,3
BR,Brazil,,,,,,ChIJzyjM68dZnAARYz4p8gYVWik,2022-08-04,2,56,14,10,39,2
BR,Brazil,,,,,,ChIJzyjM68dZnAARYz4p8gYVWik,2022-08-05,9,65,14,12,40,2
BR,Brazil,,,,,,ChIJzyjM68dZnAARYz4p8gYVWik,2022-08-06,12,63,4,6,27,3
BR,Brazil,,,,,,ChIJzyjM68dZnAARYz4p8gYVWik,2022-08-07,3,60,-2,-3,23,5
BR,Brazil,,,,,,ChIJzyjM68dZnAARYz4p8gYVWik,2022-08-08,-1,53,-4,10,42,3
BR,Brazil,,,,,,ChIJzyjM68dZnAARYz4p8gYVWik,2022-08-09,-3,49,-6,9,38,3
BR,Brazil,,,,,,ChIJzyjM68dZnAARYz4p8gYVWik,2022-08-10,0,49,2,7,37,4
BR,Brazil,,,,,,ChIJzyjM68dZnAARYz4p8gYVWik,2022-08-11,2,54,10,9,39,3
BR,Brazil,,,,,,ChIJzyjM68dZnAARYz4p8gYVWik,2022-08-12,8,60,11,12,42,2
BR,Brazil,,,,,,ChIJzyjM68dZnAARYz4p8gYVWik,2022-08-13,14,66,10,8,30,3
BR,Brazil,,,,,,ChIJzyjM68dZnAARYz4p8gYVWik,2022-08-14,6,67,10,3,29,3
BR,Brazil,,,,,,ChIJzyjM68dZnAARYz4p8gYVWik,2022-08-15,-3,47,9,9,33,6
BR,Brazil,,,,,,ChIJzyjM68dZnAARYz4p8gYVWik,2022-08-16,-2,50,5,12,38,5
BR,Brazil,,,,,,ChIJzyjM68dZnAARYz4p8gYVWik,2022-08-17,1,47,14,12,40,6
BR,Brazil,,,,,,ChIJzyjM68dZnAARYz4p8gYVWik,2022-08-18,-1,50,15,10,40,6
BR,Brazil,,,,,,ChIJzyjM68dZnAARYz4p8gYVWik,2022-08-19,0,52,6,7,43,6
BR,Brazil,,,,,,ChIJzyjM68dZnAARYz4p8gYVWik,2022-08-20,5,54,1,0,30,7
BR,Brazil,,,,,,ChIJzyjM68dZnAARYz4p8gYVWik,2022-08-21,1,54,1,-6,25,8
BR,Brazil,,,,,,ChIJzyjM68dZnAARYz4p8gYVWik,2022-08-22,-2,49,3,12,45,6
BR,Brazil,,,,,,ChIJzyjM68dZnAARYz4p8gYVWik,2022-08-23,-1,48,5,12,41,6
BR,Brazil,,,,,,ChIJzyjM68dZnAARYz4p8gYVWik,2022-08-24,1,47,16,11,41,6
BR,Brazil,,,,,,ChIJzyjM68dZnAARYz4p8gYVWik,2022-08-25,1,52,22,12,42,5
BR,Brazil,,,,,,ChIJzyjM68dZnAARYz4p8gYVWik,2022-08-26,4,54,20,12,44,5
BR,Brazil,,,,,,ChIJzyjM68dZnAARYz4p8gYVWik,2022-08-27,8,53,19,5,31,6
BR,Brazil,,,,,,ChIJzyjM68dZnAARYz4p8gYVWik,2022-08-28,0,54,8,-3,26,6
BR,Brazil,,,,,,ChIJzyjM68dZnAARYz4p8gYVWik,2022-08-29,-7,43,-4,7,45,5
BR,Brazil,,,,,,ChIJzyjM68dZnAARYz4p8gYVWik,2022-08-30,-3,48,-1,8,41,4
BR,Brazil,,,,,,ChIJzyjM68dZnAARYz4p8gYVWik,2022-08-31,3,53,11,10,42,3
BR,Brazil,,,,,,ChIJzyjM68dZnAARYz4p8gYVWik,2022-09-01,5,62,19,12,42,1
BR,Brazil,,,,,,ChIJzyjM68dZnAARYz4p8gYVWik,2022-09-02,7,60,13,12,44,1
BR,Brazil,,,,,,ChIJzyjM68dZnAARYz4p8gYVWik,2022-09-03,9,60,7,4,29,3
BR,Brazil,,,,,,ChIJzyjM68dZnAARYz4p8gYVWik,2022-09-04,0,57,-2,-9,23,6
BR,Brazil,,,,,,ChIJzyjM68dZnAARYz4p8gYVWik,2022-09-05,1,53,4,10,45,2
BR,Brazil,,,,,,ChIJzyjM68dZnAARYz4p8gYVWik,2022-09-06,12,66,11,13,40,0
BR,Brazil,,,,,,ChIJzyjM68dZnAARYz4p8gYVWik,2022-09-07,-10,32,49,-35,-50,16
BR,Brazil,,,,,,ChIJzyjM68dZnAARYz4p8gYVWik,2022-09-08,7,63,28,12,36,2
BR,Brazil,,,,,,ChIJzyjM68dZnAARYz4p8gYVWik,2022-09-09,10,61,25,13,40,2
BR,Brazil,,,,,,ChIJzyjM68dZnAARYz4p8gYVWik,2022-09-10,12,59,18,7,29,3
BR,Brazil,,,,,,ChIJzyjM68dZnAARYz4p8gYVWik,2022-09-11,4,57,6,-2,26,4
BR,Brazil,,,,,,ChIJzyjM68dZnAARYz4p8gYVWik,2022-09-12,0,50,0,13,48,2
BR,Brazil,,,,,,ChIJzyjM68dZnAARYz4p8gYVWik,2022-09-13,1,50,5,12,41,2
BR,Brazil,,,,,,ChIJzyjM68dZnAARYz4p8gYVWik,2022-09-14,0,46,8,8,39,3
BR,Brazil,,,,,,ChIJzyjM68dZnAARYz4p8gYVWik,2022-09-15,2,54,13,9,39,1
BR,Brazil,,,,,,ChIJzyjM68dZnAARYz4p8gYVWik,2022-09-16,3,52,7,7,40,2
BR,Brazil,,,,,,ChIJzyjM68dZnAARYz4p8gYVWik,2022-09-17,9,55,9,2,29,3
BR,Brazil,,,,,,ChIJzyjM68dZnAARYz4p8gYVWik,2022-09-18,6,57,12,-3,24,4
BR,Brazil,,,,,,ChIJzyjM68dZnAARYz4p8gYVWik,2022-09-19,-2,46,3,10,42,3
BR,Brazil,,,,,,ChIJzyjM68dZnAARYz4p8gYVWik,2022-09-20,0,51,10,9,33,2
BR,Brazil,,,,,,ChIJzyjM68dZnAARYz4p8gYVWik,2022-09-21,2,48,12,9,39,2
BR,Brazil,,,,,,ChIJzyjM68dZnAARYz4p8gYVWik,2022-09-22,0,52,13,9,39,2
BR,Brazil,,,,,,ChIJzyjM68dZnAARYz4p8gYVWik,2022-09-23,5,56,15,10,42,2
BR,Brazil,,,,,,ChIJzyjM68dZnAARYz4p8gYVWik,2022-09-24,10,56,17,5,30,3
BR,Brazil,,,,,,ChIJzyjM68dZnAARYz4p8gYVWik,2022-09-25,3,56,8,-4,23,5
BR,Brazil,,,,,,ChIJzyjM68dZnAARYz4p8gYVWik,2022-09-26,-7,43,-3,6,43,3
BR,Brazil,,,,,,ChIJzyjM68dZnAARYz4p8gYVWik,2022-09-27,-4,46,1,7,39,2
BR,Brazil,,,,,,ChIJzyjM68dZnAARYz4p8gYVWik,2022-09-28,-4,43,2,3,38,3
BR,Brazil,,,,,,ChIJzyjM68dZnAARYz4p8gYVWik,2022-09-29,0,52,10,6,39,2
BR,Brazil,,,,,,ChIJzyjM68dZnAARYz4p8gYVWik,2022-09-30,5,60,6,7,39,3
BR,Brazil,,,,,,ChIJzyjM68dZnAARYz4p8gYVWik,2022-10-01,12,68,2,2,30,4
BR,Brazil,,,,,,ChIJzyjM68dZnAARYz4p8gYVWik,2022-10-02,12,87,10,14,40,2
BR,Brazil,,,,,,ChIJzyjM68dZnAARYz4p8gYVWik,2022-10-03,-3,50,-1,7,40,3
BR,Brazil,,,,,,ChIJzyjM68dZnAARYz4p8gYVWik,2022-10-04,0,53,1,9,39,2
BR,Brazil,,,,,,ChIJzyjM68dZnAARYz4p8gYVWik,2022-10-05,5,54,13,9,39,2
BR,Brazil,,,,,,ChIJzyjM68dZnAARYz4p8gYVWik,2022-10-06,5,60,14,9,41,1
BR,Brazil,,,,,,ChIJzyjM68dZnAARYz4p8gYVWik,2022-10-07,11,64,14,10,42,1
BR,Brazil,,,,,,ChIJzyjM68dZnAARYz4p8gYVWik,2022-10-08,18,64,21,9,30,1
BR,Brazil,,,,,,ChIJzyjM68dZnAARYz4p8gYVWik,2022-10-09,7,60,9,-4,23,4
BR,Brazil,,,,,,ChIJzyjM68dZnAARYz4p8gYVWik,2022-10-10,4,54,3,8,38,2
BR,Brazil,,,,,,ChIJzyjM68dZnAARYz4p8gYVWik,2022-10-11,16,62,16,11,33,0
BR,Brazil,,,,,,ChIJzyjM68dZnAARYz4p8gYVWik,2022-10-12,0,33,64,-35,-52,14
BR,Brazil,,,,,,ChIJzyjM68dZnAARYz4p8gYVWik,2022-10-13,4,55,24,8,34,1
BR,Brazil,,,,,,ChIJzyjM68dZnAARYz4p8gYVWik,2022-10-14,6,56,17,8,35,2
BR,Brazil,,,,,,ChIJzyjM68dZnAARYz4p8gYVWik,2022-10-15,9,54,14,2,26,3
